Company Name,Industry,Symbol,Range,Camarilla H4,Camarilla L4,Day High,Day Low,Day Close
3M India Ltd.,CONSUMER GOODS,3MINDIA,739,25851.85039,25038.95039,25600,24861,25445.40039
ABB India Ltd.,INDUSTRIAL MANUFACTURING,ABB,96.05004883,1796.827527,1691.172473,1753,1656.949951,1744
ABB Power Products and Systems India Ltd.,INDUSTRIAL MANUFACTURING,POWERINDIA,73.34997559,1863.442462,1782.757489,1828.900024,1755.550049,1823.099976
ACC Ltd.,CEMENT & CEMENT PRODUCTS,ACC,65.69995117,2063.384973,1991.115027,2062,1996.300049,2027.25
AIA Engineering Ltd.,INDUSTRIAL MANUFACTURING,AIAENG,54.75,2013.312451,1953.087451,2007.800049,1953.050049,1983.199951
APL Apollo Tubes Ltd.,METALS,APLAPOLLO,72.15002441,1589.582538,1510.217511,1579.599976,1507.449951,1549.900024
AU Small Finance Bank Ltd.,FINANCIAL SERVICES,AUBANK,42,1050.750024,1004.550024,1049.900024,1007.900024,1027.650024
Aarti Drugs Ltd.,PHARMA,AARTIDRUGS,23.15002441,732.832489,707.3674622,732.1500244,709,720.0999756
Aarti Industries Ltd.,CHEMICALS,AARTIIND,77.84997559,1813.817487,1728.182513,1830,1752.150024,1771
Aavas Financiers Ltd.,FINANCIAL SERVICES,AAVAS,201,2548.55,2327.45,2624,2423,2438
Abbott India Ltd.,PHARMA,ABBOTINDIA,610,16872.19922,16201.19922,16630,16020,16536.69922
Adani Enterprises Ltd.,METALS,ADANIENT,171.4000244,1592.070062,1403.530035,1504,1332.599976,1497.800049
Adani Green Energy Ltd.,POWER,ADANIGREEN,7.5,1071.675049,1063.425049,1075,1067.5,1067.550049
Adani Ports and Special Economic Zone Ltd.,SERVICES,ADANIPORTS,65.79998779,730.0399689,657.6599823,704.5499878,638.75,693.8499756
Adani Total Gas Ltd.,OIL & GAS,ATGL,0,1258.449951,1258.449951,1258.449951,1258.449951,1258.449951
Adani Transmission Ltd.,POWER,ADANITRANS,0,1240.150024,1240.150024,1240.150024,1240.150024,1240.150024
Aditya Birla Capital Ltd.,FINANCIAL SERVICES,ABCAPITAL,5.949996948,122.3724968,115.8275002,123.0999985,117.1500015,119.0999985
Aditya Birla Fashion and Retail Ltd.,CONSUMER SERVICES,ABFRL,10.55000305,206.9524956,195.3474922,204.3500061,193.8000031,201.1499939
Advanced Enzyme Tech Ltd.,CONSUMER GOODS,ADVENZYMES,30.54998779,432.9024994,399.2975128,442,411.4500122,416.1000061
Aegis Logistics Ltd.,SERVICES,AEGISCHEM,18.20001221,363.3600128,343.3399994,361.2000122,343,353.3500061
Affle (India) Ltd.,IT,AFFLE,244.5498047,4864.952588,4595.947803,4975,4730.450195,4730.450195
Ajanta Pharmaceuticals Ltd.,PHARMA,AJANTPHARM,55.75,1979.6625,1918.3375,1970.75,1915,1949
Akzo Nobel India Ltd.,CONSUMER GOODS,AKZOINDIA,51.64990234,2256.657446,2199.842554,2278.75,2227.100098,2228.25
Alembic Ltd.,PHARMA,ALEMBICLTD,16.90000916,142.8450081,124.254998,137.6000061,120.6999969,133.5500031
Alembic Pharmaceuticals Ltd.,PHARMA,APLLTD,41.25,998.7374878,953.3624878,1000.700012,959.4500122,976.0499878
Alkem Laboratories Ltd.,PHARMA,ALKEM,152.1501465,3225.882532,3058.517371,3209.800049,3057.649902,3142.199951
Alkyl Amines Chemicals Ltd.,CHEMICALS,ALKYLAMINE,134.9499512,3601.222473,3452.777527,3595,3460.050049,3527
Alok Industries Ltd.,TEXTILES,ALOKINDS,3.200000763,29.41000004,25.8899992,29.25,26.04999924,27.64999962
Amara Raja Batteries Ltd.,AUTOMOBILE,AMARAJABAT,32,767.0500122,731.8500122,769.25,737.25,749.4500122
Amber Enterprises India Ltd.,CONSUMER GOODS,AMBER,78.89990234,2781.294849,2694.504956,2784.75,2705.850098,2737.899902
Ambuja Cements Ltd.,CEMENT & CEMENT PRODUCTS,AMBUJACEM,11.90002441,347.7450256,334.6549988,347.4500122,335.5499878,341.2000122
Angel Broking Ltd.,FINANCIAL SERVICES,ANGELBRKG,67.39996338,849.0699799,774.9300201,833.8499756,766.4500122,812
Apollo Hospitals Enterprise Ltd.,HEALTHCARE SERVICES,APOLLOHOSP,89.69995117,3263.484875,3164.814929,3253,3163.300049,3214.149902
Apollo Tyres Ltd.,AUTOMOBILE,APOLLOTYRE,12.6499939,234.9574966,221.0425034,232.6499939,220,228
Asahi India Glass Ltd.,AUTOMOBILE,ASAHIINDIA,17.1499939,334.3825089,315.5175156,335.5,318.3500061,324.9500122
Ashok Leyland Ltd.,AUTOMOBILE,ASHOKLEY,8.650001526,121.5075008,111.9924992,122.25,113.5999985,116.75
Ashoka Buildcon Ltd.,CONSTRUCTION,ASHOKA,10.80000305,105.5900032,93.70999985,102.1500015,91.34999847,99.65000153
Asian Paints Ltd.,CONSUMER GOODS,ASIANPAINT,61.09985352,3080.804871,3013.595032,3077.149902,3016.050049,3047.199951
Aster DM Healthcare Ltd.,HEALTHCARE SERVICES,ASTERDM,13.75,167.5625,152.4375,161.75,148,160
AstraZenca Pharma India Ltd.,PHARMA,ASTRAZEN,103.75,3747.212402,3633.087402,3753.75,3650,3690.149902
Astral Ltd.,INDUSTRIAL MANUFACTURING,ASTRAL,65.90002441,2016.694965,1944.204938,1988.900024,1923,1980.449951
Atul Ltd.,CHEMICALS,ATUL,195,9033.049805,8818.549805,8975,8780,8925.799805
Aurobindo Pharma Ltd.,PHARMA,AUROPHARMA,50.40002441,974.4700134,919.0299866,968.5,918.0999756,946.75
Avanti Feeds Ltd.,CONSUMER GOODS,AVANTIFEED,31.59997559,600.3799866,565.6200134,593.5999756,562,583
Avenue Supermarts Ltd.,CONSUMER SERVICES,DMART,119.0500488,3383.177478,3252.222424,3372,3252.949951,3317.699951
Axis Bank Ltd.,FINANCIAL SERVICES,AXISBANK,20.95001221,747.8224945,724.7774811,743.2000122,722.25,736.2999878
BASF India Ltd.,CHEMICALS,BASF,180.1000977,2749.055054,2550.944946,2740,2559.899902,2650
BEML Ltd.,INDUSTRIAL MANUFACTURING,BEML,67.04992676,1409.12746,1335.37254,1407.449951,1340.400024,1372.25
BSE Ltd.,FINANCIAL SERVICES,BSE,64.70001221,938.5850067,867.4149933,922.7000122,858,903
Bajaj Auto Ltd.,AUTOMOBILE,BAJAJ-AUTO,161.9499512,4266.522668,4088.377722,4192,4030.050049,4177.450195
Bajaj Consumer Care Ltd.,CONSUMER GOODS,BAJAJCON,14,304.7,289.3,299.3999939,285.3999939,297
Bajaj Electricals Ltd,CONSUMER GOODS,BAJAJELEC,35.90002441,1017.045001,977.5549744,1022.900024,987,997.2999878
Bajaj Finance Ltd.,FINANCIAL SERVICES,BAJFINANCE,180.6499023,6181.357446,5982.642554,6146,5965.350098,6082
Bajaj Finserv Ltd.,FINANCIAL SERVICES,BAJAJFINSV,379.1503906,12218.53271,11801.46729,12100,11720.84961,12010
Bajaj Holdings & Investment Ltd.,FINANCIAL SERVICES,BAJAJHLDNG,73.80004883,3560.539978,3479.359924,3540.5,3466.699951,3519.949951
Balaji Amines Ltd.,CHEMICALS,BALAMINES,199.1501465,2691.632678,2472.567517,2651.100098,2451.949951,2582.100098
Balkrishna Industries Ltd.,AUTOMOBILE,BALKRISIND,61.94995117,2327.872522,2259.727576,2299.949951,2238,2293.800049
Balmer Lawrie & Co. Ltd.,INDUSTRIAL MANUFACTURING,BALMLAWRIE,8.049987793,142.5774872,133.7225006,143.3999939,135.3500061,138.1499939
Balrampur Chini Mills Ltd.,CONSUMER GOODS,BALRAMCHIN,21.5,333.825,310.175,336,314.5,322
Bandhan Bank Ltd.,FINANCIAL SERVICES,BANDHANBNK,10.75,322.5624939,310.7374939,320.5,309.75,316.6499939
Bank of Baroda,FINANCIAL SERVICES,BANKBARODA,5.650001526,83.45749931,77.24249763,82.84999847,77.19999695,80.34999847
Bank of India,FINANCIAL SERVICES,BANKINDIA,4.049995422,77.57749596,73.12250099,77.84999847,73.80000305,75.34999847
Bank of Maharashtra.,FINANCIAL SERVICES,MAHABANK,1.549999237,25.95249996,24.2475008,25.79999924,24.25,25.10000038
Bata India Ltd.,CONSUMER GOODS,BATAINDIA,50.80004883,1671.940027,1616.059973,1680.800049,1630,1644
Bayer Cropscience Ltd.,FERTILISERS & PESTICIDES,BAYERCROP,135,5656.350098,5507.850098,5675,5540,5582.100098
Berger Paints India Ltd.,CONSUMER GOODS,BERGEPAINT,22.84997559,838.1674622,813.032489,834.7999878,811.9500122,825.5999756
Bharat Dynamics Ltd.,INDUSTRIAL MANUFACTURING,BDL,18.79998779,367.3399933,346.6600067,368.8999939,350.1000061,357
Bharat Electronics Ltd.,INDUSTRIAL MANUFACTURING,BEL,6.5,149.9749939,142.8249939,147,140.5,146.3999939
Bharat Forge Ltd.,INDUSTRIAL MANUFACTURING,BHARATFORG,25.15002441,741.3325134,713.6674866,731.9000244,706.75,727.5
Bharat Heavy Electricals Ltd.,INDUSTRIAL MANUFACTURING,BHEL,6.650001526,68.50749931,61.19249763,67.40000153,60.75,64.84999847
Bharat Petroleum Corporation Ltd.,OIL & GAS,BPCL,12.3500061,479.7925034,466.2074966,479.3500061,467,473
Bharat Rasayan Ltd.,FERTILISERS & PESTICIDES,BHARATRAS,570,12663.5,12036.5,12746.4502,12176.4502,12350
Bharti Airtel Ltd.,TELECOM,BHARTIARTL,22.85003662,553.4675446,528.3325043,541.9000244,519.0499878,540.9000244
Biocon Ltd.,PHARMA,BIOCON,12.25,405.6875122,392.2125122,401.7000122,389.4500122,398.9500122
Birla Corporation Ltd.,CEMENT & CEMENT PRODUCTS,BIRLACORPN,82.80004883,1225.590076,1134.510022,1227.800049,1145,1180.050049
Birlasoft Ltd.,IT,BSOFT,31.75,411.4625,376.5375,407,375.25,394
Bliss GVS Pharma Ltd.,PHARMA,BLISSGVS,4.75,111.3625,106.1375,112.5999985,107.8499985,108.75
Blue Dart Express Ltd.,SERVICES,BLUEDART,284.2001953,5752.21001,5439.589795,5844.200195,5560,5595.899902
Blue Star Ltd.,CONSUMER GOODS,BLUESTARCO,24,833.7999756,807.3999756,825,801,820.5999756
Bombay Burmah Trading Corporation Ltd.,CONSUMER GOODS,BBTC,55.55004883,1337.852576,1276.747522,1352.25,1296.699951,1307.300049
Bosch Ltd.,AUTOMOBILE,BOSCHLTD,452.2998047,15460.0647,14962.53491,15542.2998,15090,15211.2998
Brigade Enterprises Ltd.,CONSTRUCTION,BRIGADE,23.5,287.8750122,262.0250122,283,259.5,274.9500122
Britannia Industries Ltd.,CONSUMER GOODS,BRITANNIA,84,3665.399951,3572.999951,3679,3595,3619.199951
Burger King India Ltd.,CONSUMER SERVICES,BURGERKING,9.350006104,161.1425034,150.8574966,160.75,151.3999939,156
CCL Products (I) Ltd.,CONSUMER GOODS,CCL,22,346.7499939,322.5499939,347.8999939,325.8999939,334.6499939
CESC Ltd.,POWER,CESC,31.5,782.2750122,747.6250122,787.6500244,756.1500244,764.9500122
CRISIL Ltd.,FINANCIAL SERVICES,CRISIL,128.1000977,2661.455054,2520.544946,2598,2469.899902,2591
CSB Bank Ltd.,FINANCIAL SERVICES,CSBBANK,16.5,326.9250061,308.7750061,322.5,306,317.8500061
Cadila Healthcare Ltd.,PHARMA,CADILAHC,22.60003662,633.6800201,608.8199799,626.2000122,603.5999756,621.25
Can Fin Homes Ltd.,FINANCIAL SERVICES,CANFINHOME,17.25,522.8374756,503.8624756,518.7999878,501.5499878,513.3499756
Canara Bank,FINANCIAL SERVICES,CANBK,11.3500061,153.6424973,141.1574905,152.8500061,141.5,147.3999939
Caplin Point Laboratories Ltd.,PHARMA,CAPLIPOINT,51.69995117,681.6349854,624.7650391,674.3499756,622.6500244,653.2000122
Capri Global Capital Ltd.,FINANCIAL SERVICES,CGCL,6.5,536.575,529.425,533.5,527,533
Carborundum Universal Ltd.,INDUSTRIAL MANUFACTURING,CARBORUNIV,19.34997559,603.8424988,582.5575256,597,577.6500244,593.2000122
Castrol India Ltd.,OIL & GAS,CASTROLIND,8.25,152.1375061,143.0625061,149.4499969,141.1999969,147.6000061
Ceat Ltd.,AUTOMOBILE,CEATLTD,76.90002441,1401.445038,1316.855011,1388.5,1311.599976,1359.150024
Central Bank of India,FINANCIAL SERVICES,CENTRALBK,1.450000763,20.99750118,19.40250034,20.95000076,19.5,20.20000076
Central Depository Services (India) Ltd.,FINANCIAL SERVICES,CDSL,48.95001221,1018.922507,965.0774933,999,950.0499878,992
Century Plyboards (India) Ltd.,CONSUMER GOODS,CENTURYPLY,8.649993896,418.8074844,409.2924911,416.6499939,408,414.0499878
Century Textile & Industries Ltd.,PAPER AND JUTE,CENTURYTEX,30.75,588.9125,555.0875,576.4500122,545.7000122,572
Cera Sanitaryware Ltd,CONSUMER GOODS,CERA,165.0498047,4405.827197,4224.272412,4416.049805,4251,4315.049805
Chalet Hotels Ltd.,CONSUMER SERVICES,CHALET,10.5,184.9249939,173.3749939,183.75,173.25,179.1499939
Chambal Fertilizers & Chemicals Ltd.,FERTILISERS & PESTICIDES,CHAMBLFERT,22.5,322.9750061,298.2250061,313.9500122,291.4500122,310.6000061
Cholamandalam Financial Holdings Ltd.,FINANCIAL SERVICES,CHOLAHLDNG,40.75,634.4125,589.5875,646.75,606,612
Cholamandalam Investment and Finance Company Ltd.,FINANCIAL SERVICES,CHOLAFIN,35.95001221,558.2725067,518.7274933,553.9500122,518,538.5
Cipla Ltd.,PHARMA,CIPLA,22.30004883,973.1650513,948.6349976,967.6500244,945.3499756,960.9000244
City Union Bank Ltd.,FINANCIAL SERVICES,CUB,5.75,167.4625031,161.1375031,166.75,161,164.3000031
Coal India Ltd.,METALS,COALINDIA,8.699996948,151.6849922,142.1149956,153.8000031,145.1000061,146.8999939
Cochin Shipyard Ltd.,INDUSTRIAL MANUFACTURING,COCHINSHIP,20.25,421.3375122,399.0625122,422.5,402.25,410.2000122
Coforge Ltd.,IT,COFORGE,175,4076.25,3883.75,4045,3870,3980
Colgate Palmolive (India) Ltd.,CONSUMER GOODS,COLPAL,47.69995117,1716.084949,1663.615002,1727.699951,1680,1689.849976
Computer Age Management Services Ltd.,FINANCIAL SERVICES,CAMS,152.1000977,2881.655054,2714.344946,2860,2707.899902,2798
Container Corporation of India Ltd.,SERVICES,CONCOR,22.75,700.8624756,675.8374756,691.75,669,688.3499756
Coromandel International Ltd.,FERTILISERS & PESTICIDES,COROMANDEL,42.90002441,899.5950134,852.4049866,896.9000244,854,876
CreditAccess Grameen Ltd.,FINANCIAL SERVICES,CREDITACC,49.65002441,771.8575012,717.2424744,776.6500244,727,744.5499878
Crompton Greaves Consumer Electricals Ltd.,CONSUMER GOODS,CROMPTON,14.1499939,429.7824966,414.2175034,429.3999939,415.25,422
Cummins India Ltd.,INDUSTRIAL MANUFACTURING,CUMMINSIND,26.95001221,847.8724945,818.2274811,845,818.0499878,833.0499878
Cyient Ltd.,IT,CYIENT,70.75,901.0124756,823.1874756,886,815.25,862.0999756
DCB Bank Ltd.,FINANCIAL SERVICES,DCBBANK,6.099998474,111.6049992,104.8950008,112.1500015,106.0500031,108.25
DCM Shriram Ltd.,CONSUMER GOODS,DCMSHRIRAM,45.54998779,752.8524811,702.7474945,748.7999878,703.25,727.7999878
DLF Ltd.,CONSTRUCTION,DLF,16.6000061,303.5800156,285.3200089,299.1499939,282.5499878,294.4500122
Dabur India Ltd.,CONSUMER GOODS,DABUR,10.09997559,582.6549622,571.544989,581.7999878,571.7000122,577.0999756
Dalmia Bharat Ltd.,CEMENT & CEMENT PRODUCTS,DALBHARAT,110.0500488,1845.527527,1724.472473,1838.050049,1728,1785
Deepak Nitrite Ltd.,CHEMICALS,DEEPAKNTR,77,1797.150049,1712.450049,1792,1715,1754.800049
Delta Corp Ltd.,CONSUMER SERVICES,DELTACORP,11.1000061,183.9550095,171.7450027,181.5,170.3999939,177.8500061
Dhani Services Ltd.,FINANCIAL SERVICES,DHANI,12.25,192.2875031,178.8125031,197.8000031,185.5500031,185.5500031
Dhanuka Agritech Ltd.,FERTILISERS & PESTICIDES,DHANUKA,55.79998779,998.6899933,937.3100067,976.7000122,920.9000244,968
Dilip Buildcon Ltd.,CONSTRUCTION,DBL,29,569.1000244,537.2000244,559,530,553.1500244
Dish TV India Ltd.,MEDIA ENTERTAINMENT & PUBLICATION,DISHTV,1.5,15.62500019,13.97500019,15.19999981,13.69999981,14.80000019
Dishman Carbogen Amcis Ltd.,PHARMA,DCAL,16.34999084,207.492495,189.507505,206.9499969,190.6000061,198.5
Divi's Laboratories Ltd.,PHARMA,DIVISLAB,215.3999023,4319.019751,4082.079858,4363,4147.600098,4200.549805
Dixon Technologies (India) Ltd.,CONSUMER GOODS,DIXON,191.8500977,4535.517554,4324.482446,4476.850098,4285,4430
Dr. Lal Path Labs Ltd.,HEALTHCARE SERVICES,LALPATHLAB,180,3260,3062,3290,3110,3161
Dr. Reddy's Laboratories Ltd.,PHARMA,DRREDDY,110,5344.399902,5223.399902,5345,5235,5283.899902
E.I.D. Parry (India) Ltd.,CONSUMER GOODS,EIDPARRY,30.45001221,441.0975128,407.6024994,434.5,404.0499878,424.3500061
EIH Ltd.,CONSUMER SERVICES,EIHOTEL,6.649993896,112.9074966,105.5925034,114.9499969,108.3000031,109.25
EPL Ltd.,INDUSTRIAL MANUFACTURING,EPL,13.04998779,286.0274994,271.6725128,283.3999939,270.3500061,278.8500061
Edelweiss Financial Services Ltd.,FINANCIAL SERVICES,EDELWEISS,7,77.04999695,69.34999695,73.55000305,66.55000305,73.19999695
Eicher Motors Ltd.,AUTOMOBILE,EICHERMOT,70.80004883,2746.490076,2668.610022,2715,2644.199951,2707.550049
Elgi Equipments Ltd.,INDUSTRIAL MANUFACTURING,ELGIEQUIP,6.899993896,213.3449997,205.7550064,212,205.1000061,209.5500031
Emami Ltd.,CONSUMER GOODS,EMAMILTD,27.84997559,558.0174988,527.3825256,555.2999878,527.4500122,542.7000122
Endurance Technologies Ltd.,AUTOMOBILE,ENDURANCE,60.80004883,1604.940027,1538.059973,1591.150024,1530.349976,1571.5
Engineers India Ltd.,CONSTRUCTION,ENGINERSIN,2.75,82.5125,79.4875,83.25,80.5,81
Equitas Holdings Ltd.,FINANCIAL SERVICES,EQUITAS,3.199996948,93.65999985,90.1400032,94.5,91.30000305,91.90000153
Eris Lifesciences Ltd.,PHARMA,ERIS,31.65002441,728.8575256,694.0424988,714,682.3499756,711.4500122
Escorts Ltd.,AUTOMOBILE,ESCORTS,44.89990234,1199.694946,1150.305054,1176.449951,1131.550049,1175
Exide Industries Ltd.,AUTOMOBILE,EXIDEIND,7.449996948,189.8975014,181.7025047,189.3000031,181.8500061,185.8000031
FDC Ltd.,PHARMA,FDC,17.6000061,356.4799911,337.1199844,358.1499939,340.5499878,346.7999878
Federal Bank Ltd.,FINANCIAL SERVICES,FEDERALBNK,4.599998474,86.43000069,81.37000237,85.90000153,81.30000305,83.90000153
Fine Organic Industries Ltd.,CHEMICALS,FINEORG,95.80004883,2878.790125,2773.410071,2886.800049,2791,2826.100098
Finolex Cables Ltd.,INDUSTRIAL MANUFACTURING,FINCABLES,35.45001221,497.4975067,458.5024933,491.4500122,456,478
Finolex Industries Ltd.,INDUSTRIAL MANUFACTURING,FINPIPE,9.149993896,174.3825027,164.3175095,171.8999939,162.75,169.3500061
Firstsource Solutions Ltd.,IT,FSL,12.34999084,170.9424889,157.3574989,167.6999969,155.3500061,164.1499939
Fortis Healthcare Ltd.,HEALTHCARE SERVICES,FORTIS,9.649993896,236.3574997,225.7425064,237,227.3500061,231.0500031
Future Consumer Ltd.,CONSUMER SERVICES,FCONSUMER,1.400000572,10.91999993,9.379999304,10.30000019,8.899999619,10.14999962
Future Retail Ltd.,CONSUMER SERVICES,FRETAIL,4.349998474,66.59249611,61.80749779,66.69999695,62.34999847,64.19999695
GAIL (India) Ltd.,OIL & GAS,GAIL,9.050003052,160.0275047,150.0725014,161.6999969,152.6499939,155.0500031
GE Power India Ltd.,INDUSTRIAL MANUFACTURING,GEPIL,33.54998779,365.9524933,329.0475067,354.0499878,320.5,347.5
GMM Pfaudler Ltd.,INDUSTRIAL MANUFACTURING,GMMPFAUDLR,183.1000977,4626.555151,4425.145044,4638.100098,4455,4525.850098
GMR Infrastructure Ltd.,CONSTRUCTION,GMRINFRA,1.75,29.2125,27.2875,29.14999962,27.39999962,28.25
Galaxy Surfactants Ltd.,CHEMICALS,GALAXYSURF,66.90014648,3046.845129,2973.254968,3044.050049,2977.149902,3010.050049
Garden Reach Shipbuilders & Engineers Ltd.,INDUSTRIAL MANUFACTURING,GRSE,7.949996948,198.8724983,190.1275017,200.6999969,192.75,194.5
Garware Technical Fibres Ltd.,TEXTILES,GARFIBRES,102.75,3121.312549,3008.287549,3087.949951,2985.199951,3064.800049
General Insurance Corporation of India,FINANCIAL SERVICES,GICRE,16.04998779,210.5274902,192.8725037,207.3999939,191.3500061,201.6999969
Gillette India Ltd.,CONSUMER GOODS,GILLETTE,139.8999023,5676.944946,5523.055054,5709.899902,5570,5600
Glaxosmithkline Pharmaceuticals Ltd.,PHARMA,GLAXO,56.90002441,1548.494965,1485.904938,1558,1501.099976,1517.199951
Glenmark Pharmaceuticals Ltd.,PHARMA,GLENMARK,21.15002441,652.0325378,628.767511,647.1500244,626,640.4000244
Godfrey Phillips India Ltd.,CONSUMER GOODS,GODFRYPHLP,25.34997559,925.6924866,897.8075134,929.3499756,904,911.75
Godrej Agrovet Ltd.,CONSUMER GOODS,GODREJAGRO,21.20001221,566.6600067,543.3399933,565.75,544.5499878,555
Godrej Consumer Products Ltd.,CONSUMER GOODS,GODREJCP,33.15002441,911.1825256,874.7174988,913.1500244,880,892.9500122
Godrej Industries Ltd.,CONSUMER GOODS,GODREJIND,23.20001221,554.8099945,529.2899811,544.4000244,521.2000122,542.0499878
Godrej Properties Ltd.,CONSTRUCTION,GODREJPROP,72.65002441,1432.957513,1353.042487,1404,1331.349976,1393
Granules India Ltd.,PHARMA,GRANULES,11.54998779,317.2024994,304.4975128,320,308.4500122,310.8500061
Graphite India Ltd.,INDUSTRIAL MANUFACTURING,GRAPHITE,113.2000122,665.6099823,541.0899689,677.9500122,564.75,603.3499756
Grasim Industries Ltd.,CEMENT & CEMENT PRODUCTS,GRASIM,69.09997559,1524.805035,1448.795062,1489.150024,1420.050049,1486.800049
Great Eastern Shipping Co. Ltd.,SERVICES,GESHIP,8.850006104,408.3675034,398.6324966,410.8500061,402,403.5
Greaves Cotton Ltd.,INDUSTRIAL MANUFACTURING,GREAVESCOT,20.30000305,167.1650017,144.8349983,168.3500061,148.0500031,156
Grindwell Norton Ltd.,INDUSTRIAL MANUFACTURING,GRINDWELL,28.5,1170.175,1138.825,1168.949951,1140.449951,1154.5
Gujarat Alkalies & Chemicals Ltd.,CHEMICALS,GUJALKALI,15.5,413.2250122,396.1750122,413,397.5,404.7000122
Gujarat Ambuja Exports Ltd.,CONSUMER GOODS,GAEL,11.30000305,172.0150047,159.5850014,170,158.6999969,165.8000031
Gujarat Fluorochemicals Ltd.,CHEMICALS,FLUOROCHEM,137.9000244,1230.845013,1079.154987,1238,1100.099976,1155
Gujarat Gas Ltd.,OIL & GAS,GUJGASLTD,36.5,678.1249878,637.9749878,672.5,636,658.0499878
Gujarat Narmada Valley Fertilizers and Chemicals Ltd.,CHEMICALS,GNFC,16.70001221,368.1350189,349.7650055,367.7000122,351,358.9500122
Gujarat Pipavav Port Ltd.,SERVICES,GPPL,8.149993896,114.8324951,105.8675018,114.6999969,106.5500031,110.3499985
Gujarat State Fertilizers & Chemicals Ltd.,FERTILISERS & PESTICIDES,GSFC,7.349998474,119.9425007,111.8575024,119.8499985,112.5,115.9000015
Gujarat State Petronet Ltd.,OIL & GAS,GSPL,17.5,333.875,314.625,329.1499939,311.6499939,324.25
Gulf Oil Lubricants India Ltd.,OIL & GAS,GULFOILLUB,16.59997559,699.8299988,681.5700256,699.7999878,683.2000122,690.7000122
H.E.G. Ltd.,INDUSTRIAL MANUFACTURING,HEG,269.4499512,2201.097375,1904.702429,2195,1925.550049,2052.899902
HCL Technologies Ltd.,IT,HCLTECH,26.40002441,989.7700134,960.7299866,996.7000122,970.2999878,975.25
HDFC Asset Management Company Ltd.,FINANCIAL SERVICES,HDFCAMC,109,3004.95,2885.05,3029,2920,2945
HDFC Bank Ltd.,FINANCIAL SERVICES,HDFCBANK,32.80004883,1505.489978,1469.409924,1487.800049,1455,1487.449951
HDFC Life Insurance Company Ltd.,FINANCIAL SERVICES,HDFCLIFE,18.20001221,720.9100311,700.8900177,711,692.7999878,710.9000244
HFCL Ltd.,TELECOM,HFCL,4.300003052,55.2650032,50.53499985,54.40000153,50.09999847,52.90000153
Happiest Minds Technologies Ltd.,IT,HAPPSTMNDS,52.95001221,928.5225311,870.2775177,934.4000244,881.4500122,899.4000244
Hatsun Agro Product Ltd.,CONSUMER GOODS,HATSUN,41.10003662,917.3050323,872.0949921,923.6500244,882.5499878,894.7000122
Havells India Ltd.,CONSUMER GOODS,HAVELLS,31.15002441,1018.132513,983.8674866,1008.5,977.3499756,1001
HeidelbergCement India Ltd.,CEMENT & CEMENT PRODUCTS,HEIDELBERG,9.899993896,264.5450027,253.6550095,259.8999939,250,259.1000061
Hemisphere Properties India Ltd.,CONSTRUCTION,HEMIPROP,7.899993896,144.5449936,135.8550003,144.8999939,137,140.1999969
Hero MotoCorp Ltd.,AUTOMOBILE,HEROMOTOCO,73.55004883,2942.452527,2861.547473,2925.550049,2852,2902
Himadri Speciality Chemical Ltd.,CHEMICALS,HSCL,5.5,59.42500153,53.37500153,59.59999847,54.09999847,56.40000153
Hindalco Industries Ltd.,METALS,HINDALCO,13.30001831,379.3150101,364.6849899,373.3500061,360.0499878,372
Hindustan Aeronautics Ltd.,INDUSTRIAL MANUFACTURING,HAL,40.69995117,1038.834985,994.0650391,1037.699951,997,1016.450012
Hindustan Copper Ltd.,METALS,HINDCOPPER,9.899993896,149.4449966,138.5550034,151.25,141.3500061,144
Hindustan Petroleum Corporation Ltd.,OIL & GAS,HINDPETRO,17.25,305.8874939,286.9124939,310.25,293,296.3999939
Hindustan Unilever Ltd.,CONSUMER GOODS,HINDUNILVR,91.69995117,2540.684973,2439.815027,2496.699951,2405,2490.25
Hindustan Zinc Ltd.,METALS,HINDZINC,8.449981689,333.5474838,324.252504,332.0499878,323.6000061,328.8999939
Honeywell Automation India Ltd.,INDUSTRIAL MANUFACTURING,HONAUT,1083.796875,41423.0375,40230.86094,41308.89844,40225.10156,40826.94922
Housing & Urban Development Corporation Ltd.,FINANCIAL SERVICES,HUDCO,2.849998474,52.16749763,49.03249931,51.84999847,49,50.59999847
Housing Development Finance Corporation Ltd.,FINANCIAL SERVICES,HDFC,53.15014648,2525.232581,2466.767419,2506.300049,2453.149902,2496
Huhtamaki India Ltd.,INDUSTRIAL MANUFACTURING,HUHTAMAKI,8.75,296.1625061,286.5375061,298.7000122,289.9500122,291.3500061
ICICI Bank Ltd.,FINANCIAL SERVICES,ICICIBANK,15.75,642.9125,625.5875,636.5999756,620.8499756,634.25
ICICI Lombard General Insurance Company Ltd.,FINANCIAL SERVICES,ICICIGI,54.5,1563.975,1504.025,1541.099976,1486.599976,1534
ICICI Prudential Life Insurance Company Ltd.,FINANCIAL SERVICES,ICICIPRULI,20.70001221,591.5350311,568.7650177,596.9500122,576.25,580.1500244
ICICI Securities Ltd.,FINANCIAL SERVICES,ISEC,34,657.0499756,619.6499756,649,615,638.3499756
IDBI Bank Ltd.,FINANCIAL SERVICES,IDBI,1.950000763,38.67249889,36.52749805,38.65000153,36.70000076,37.59999847
IDFC First Bank Ltd.,FINANCIAL SERVICES,IDFCFIRSTB,3.350002289,59.59250126,55.90749874,58.45000076,55.09999847,57.75
IDFC Ltd.,FINANCIAL SERVICES,IDFC,2,54.85,52.65,55,53,53.75
IFB Industries Ltd.,CONSUMER GOODS,IFBIND,89.79992676,1104.239935,1005.460016,1106.449951,1016.650024,1054.849976
IIFL Finance Ltd.,FINANCIAL SERVICES,IIFL,23.94999695,273.3725105,247.0275139,261,237.0500031,260.2000122
IIFL Wealth Management Ltd.,FINANCIAL SERVICES,IIFLWAM,68.94995117,1164.272449,1088.427502,1170,1101.050049,1126.349976
IOL Chem and Pharma Ltd.,PHARMA,IOLCP,32.80004883,640.0400269,603.9599731,635.9000244,603.0999756,622
IRB Infrastructure Developers Ltd.,CONSTRUCTION,IRB,11.65000916,151.8074989,138.9924889,147.3000031,135.6499939,145.3999939
IRCON International Ltd.,CONSTRUCTION,IRCON,1.900001526,47.19500237,45.10500069,47.40000153,45.5,46.15000153
ITC Ltd.,CONSUMER GOODS,ITC,3.850006104,206.9675095,202.7325027,206.3500061,202.5,204.8500061
ITI Ltd.,TELECOM,ITI,9.550003052,132.6525032,122.1474998,133.6000061,124.0500031,127.4000015
India Cements Ltd.,CEMENT & CEMENT PRODUCTS,INDIACEM,14.25,203.3875031,187.7125031,196.8999939,182.6499939,195.5500031
Indiabulls Housing Finance Ltd.,FINANCIAL SERVICES,IBULHSGFIN,20.3999939,291.8200027,269.3800095,288.7999878,268.3999939,280.6000061
Indiabulls Real Estate Ltd.,CONSTRUCTION,IBREALEST,10.75,114.4625031,102.6375031,111.3000031,100.5500031,108.5500031
Indiamart Intermesh Ltd.,CONSUMER SERVICES,INDIAMART,249.1000977,7417.554858,7143.544751,7320,7070.899902,7280.549805
Indian Bank,FINANCIAL SERVICES,INDIANB,9,145.5999939,135.6999939,142.5,133.5,140.6499939
Indian Energy Exchange Ltd.,FINANCIAL SERVICES,IEX,23.75,391.8624878,365.7374878,379.5,355.75,378.7999878
Indian Hotels Co. Ltd.,CONSUMER SERVICES,INDHOTEL,12.1000061,140.6550034,127.3449966,137.1000061,125,134
Indian Oil Corporation Ltd.,OIL & GAS,IOC,4.199996948,115.1599968,110.5400002,115.25,111.0500031,112.8499985
Indian Overseas Bank,FINANCIAL SERVICES,IOB,1.200000763,20.36000118,19.04000034,20.45000076,19.25,19.70000076
Indian Railway Catering And Tourism Corporation Ltd.,SERVICES,IRCTC,91.05004883,2066.277478,1966.122424,2070.25,1979.199951,2016.199951
Indo Count Industries Ltd.,TEXTILES,ICIL,9.75,174.4625061,163.7375061,172.75,163,169.1000061
Indoco Remedies Ltd.,PHARMA,INDOCO,22,418.8999878,394.6999878,419.1499939,397.1499939,406.7999878
Indraprastha Gas Ltd.,OIL & GAS,IGL,18.04998779,541.6774933,521.8225067,541.7000122,523.6500244,531.75
Indus Towers Ltd.,TELECOM,INDUSTOWER,10.3500061,251.5425095,240.1575027,248.3500061,238,245.8500061
IndusInd Bank Ltd.,FINANCIAL SERVICES,INDUSINDBK,39.70001221,1020.884995,977.2149811,999.75,960.0499878,999.0499878
Infibeam Avenues Ltd.,IT,INFIBEAM,2.099998474,51.85499992,49.5450016,51,48.90000153,50.70000076
Info Edge (India) Ltd.,CONSUMER SERVICES,NAUKRI,206,5098.3,4871.7,5047.549805,4841.549805,4985
Infosys Ltd.,IT,INFY,28.25,1525.5375,1494.4625,1515.75,1487.5,1510
Ingersoll Rand (India) Ltd.,INDUSTRIAL MANUFACTURING,INGERRAND,45.79998779,976.7899689,926.4099823,971,925.2000122,951.5999756
Inox Leisure Ltd.,MEDIA ENTERTAINMENT & PUBLICATION,INOXLEISUR,14.1499939,316.6325027,301.0675095,318.1499939,304,308.8500061
Intellect Design Arena Ltd.,IT,INTELLECT,59.95001221,773.9725067,708.0274933,774.9500122,715,741
InterGlobe Aviation Ltd.,SERVICES,INDIGO,51.15002441,1730.832465,1674.567438,1716.25,1665.099976,1702.699951
Ipca Laboratories Ltd.,PHARMA,IPCALAB,74.65002441,2033.907489,1951.792462,2038.75,1964.099976,1992.849976
J.B. Chemicals & Pharmaceuticals Ltd.,PHARMA,JBCHEPHARM,24.15002441,1544.182538,1517.617511,1536.599976,1512.449951,1530.900024
J.K. Cement Ltd.,CEMENT & CEMENT PRODUCTS,JKCEMENT,56.5,2855.575,2793.425,2865,2808.5,2824.5
JK Lakshmi Cement Ltd.,CEMENT & CEMENT PRODUCTS,JKLAKSHMI,29.5,586.0249878,553.5749878,592.8499756,563.3499756,569.7999878
JK Paper Ltd.,PAPER AND JUTE,JKPAPER,12.6499939,177.3574905,163.4424973,173.1499939,160.5,170.3999939
JK Tyre & Industries Ltd.,AUTOMOBILE,JKTYRE,19.09999084,162.1549889,141.1449989,156.3999939,137.3000031,151.6499939
JM Financial Ltd.,FINANCIAL SERVICES,JMFINANCIL,6.050003052,97.87750473,91.22250137,99.55000305,93.5,94.55000305
JSW Energy Ltd.,POWER,JSWENERGY,16.80000305,167.1899986,148.7099953,162.3500061,145.5500031,157.9499969
JSW Steel Ltd.,METALS,JSWSTEEL,40.14996338,692.6824554,648.5174957,696.2999878,656.1500244,670.5999756
JTEKT India Ltd.,AUTOMOBILE,JTEKTINDIA,6.550003052,110.2025002,102.9974968,109.5500031,103,106.5999985
Jamna Auto Industries Ltd.,AUTOMOBILE,JAMNAAUTO,4.5,87.67499695,82.72499695,86.5,82,85.19999695
Jindal Saw Ltd.,METALS,JINDALSAW,6.100006104,105.6550064,98.94499969,107.5500031,101.4499969,102.3000031
Jindal Stainless (Hisar) Ltd.,METALS,JSLHISAR,14.94999695,189.7725014,173.3275047,187.4499969,172.5,181.5500031
Jindal Stainless Ltd.,METALS,JSL,8.799995422,100.939996,91.26000099,99.34999847,90.55000305,96.09999847
Jindal Steel & Power Ltd.,METALS,JINDALSTEL,30,408.25,375.25,395,365,391.75
Johnson Controls - Hitachi Air Conditioning India Ltd.,CONSUMER GOODS,JCHAC,68.55004883,2289.802625,2214.397571,2284.550049,2216,2252.100098
Jubilant Foodworks Ltd.,CONSUMER SERVICES,JUBLFOOD,108.3999023,3355.619946,3236.380054,3309.449951,3201.050049,3296
Justdial Ltd.,CONSUMER SERVICES,JUSTDIAL,85.25,1072.937549,979.1625488,1066.75,981.5,1026.050049
Jyothy Labs Ltd.,CONSUMER GOODS,JYOTHYLAB,6.099990845,157.2549889,150.5449989,157.4499969,151.3500061,153.8999939
K.P.R. Mill Ltd.,TEXTILES,KPRMILL,69.94995117,1573.022522,1496.077576,1559.949951,1490,1534.550049
KEI Industries Ltd.,INDUSTRIAL MANUFACTURING,KEI,46.69995117,727.7849487,676.4150024,709.3499756,662.6500244,702.0999756
KNR Constructions Ltd.,CONSTRUCTION,KNRCON,12.3500061,229.7925034,216.2074966,228.5500031,216.1999969,223
KPIT Technologies Ltd.,IT,KPITTECH,20.05000305,248.0275017,225.9724983,243.6999969,223.6499939,237
KRBL Ltd.,CONSUMER GOODS,KRBL,12.34999084,236.2424919,222.657502,234.8999939,222.5500031,229.4499969
KSB Ltd.,INDUSTRIAL MANUFACTURING,KSB,48.84997559,971.8674866,918.1325134,984.75,935.9000244,945
Kajaria Ceramics Ltd.,CONSUMER GOODS,KAJARIACER,37.55004883,983.1525269,941.8474731,987.6500244,950.0999756,962.5
Kalpataru Power Transmission Ltd.,POWER,KALPATPOWR,14.1499939,430.7325089,415.1675156,431.7999878,417.6499939,422.9500122
Kansai Nerolac Paints Ltd.,CONSUMER GOODS,KANSAINER,17.85003662,585.8175201,566.1824799,577.9500122,560.0999756,576
Karur Vysya Bank Ltd.,FINANCIAL SERVICES,KARURVYSYA,2.649997711,52.9074995,49.99250202,51.79999924,49.15000153,51.45000076
Kaveri Seed Company Ltd.,CONSUMER GOODS,KSCL,51.15002441,762.3825134,706.1174866,737.25,686.0999756,734.25
Kec International Ltd.,POWER,KEC,20.45001221,426.7974945,404.3024811,428.75,408.2999878,415.5499878
Kotak Mahindra Bank Ltd.,FINANCIAL SERVICES,KOTAKBANK,43.09997559,1790.804962,1743.394989,1776.650024,1733.550049,1767.099976
L&T Finance Holdings Ltd.,FINANCIAL SERVICES,L&TFH,5.949996948,95.1224968,88.57750015,94.94999695,89,91.84999847
L&T Technology Services Ltd.,IT,LTTS,139.75,2871.462598,2717.737598,2874,2734.25,2794.600098
LIC Housing Finance Ltd.,FINANCIAL SERVICES,LICHSGFIN,27.1000061,485.3550156,455.5450089,486.1000061,459,470.4500122
La Opala RG Ltd.,CONSUMER GOODS,LAOPALA,15.95001221,287.6725006,270.1274872,288,272.0499878,278.8999939
Lakshmi Machine Works Ltd.,INDUSTRIAL MANUFACTURING,LAXMIMACH,389.7998047,6614.340088,6185.560303,6510.799805,6121,6399.950195
Larsen & Toubro Infotech Ltd.,IT,LTI,231.25,4217.1875,3962.8125,4231.399902,4000.149902,4090
Larsen & Toubro Ltd.,CONSTRUCTION,LT,30.29992676,1492.66496,1459.33504,1490.449951,1460.150024,1476
Laurus Labs Ltd.,PHARMA,LAURUSLABS,27.70001221,607.2350067,576.7649933,618,590.2999878,592
Lemon Tree Hotels Ltd.,CONSUMER SERVICES,LEMONTREE,2.299999237,42.66500111,40.13500195,42.29999924,40,41.40000153
Linde India Ltd.,CHEMICALS,LINDEINDIA,72.45007324,1594.84754,1515.15246,1599.400024,1526.949951,1555
Lupin Ltd.,PHARMA,LUPIN,31.45007324,1175.097589,1140.502509,1172.550049,1141.099976,1157.800049
Lux Industries Ltd.,TEXTILES,LUXIND,185,3508.449951,3304.949951,3475,3290,3406.699951
MAS Financial Services Ltd.,FINANCIAL SERVICES,MASFIN,34.65002441,870.1075012,831.9924744,868,833.3499756,851.0499878
MMTC Ltd.,SERVICES,MMTC,6.399997711,60.36999722,53.32999973,59.59999847,53.20000076,56.84999847
MOIL Ltd.,METALS,MOIL,12.69999695,193.4849983,179.5150017,188,175.3000031,186.5
MRF Ltd.,AUTOMOBILE,MRF,2647.351563,84100.14492,81188.0582,83147.35156,80500,82644.10156
Mahanagar Gas Ltd.,OIL & GAS,MGL,94.44995117,1242.147424,1138.252478,1254.949951,1160.5,1190.199951
Maharashtra Scooters Ltd.,FINANCIAL SERVICES,MAHSCOOTER,113.9499512,3752.622424,3627.277478,3775,3661.050049,3689.949951
Maharashtra Seamless Ltd.,METALS,MAHSEAMLES,22.1000061,317.1550034,292.8449966,322.75,300.6499939,305
Mahindra & Mahindra Financial Services Ltd.,FINANCIAL SERVICES,M&MFIN,9.75,164.2624939,153.5374939,164,154.25,158.8999939
Mahindra & Mahindra Ltd.,AUTOMOBILE,M&M,35.85003662,803.7175201,764.2824799,808.9500122,773.0999756,784
Mahindra CIE Automotive Ltd.,INDUSTRIAL MANUFACTURING,MAHINDCIE,7.949996948,222.3724983,213.6275017,219.6499939,211.6999969,218
Mahindra Holidays & Resorts India Ltd.,CONSUMER SERVICES,MHRIL,14.45001221,257.9475067,242.0524933,256.4500122,242,250
Mahindra Logistics Ltd.,SERVICES,MAHLOG,29.85003662,590.1175323,557.2824921,596.9000244,567.0499878,573.7000122
Manappuram Finance Ltd.,FINANCIAL SERVICES,MANAPPURAM,5.350006104,162.7925095,156.9075027,162.3500061,157,159.8500061
Mangalore Refinery & Petrochemicals Ltd.,OIL & GAS,MRPL,3.150001526,53.33249931,49.86749763,53.5,50.34999847,51.59999847
Marico Ltd.,CONSUMER GOODS,MARICO,15.50003052,530.0250168,512.9749832,524.9000244,509.3999939,521.5
Maruti Suzuki India Ltd.,AUTOMOBILE,MARUTI,164,7049.550098,6869.150098,6985,6821,6959.350098
Max Financial Services Ltd.,FINANCIAL SERVICES,MFSL,48.5,1007.625012,954.2750122,1017.5,969,980.9500122
Max Healthcare Institute Ltd.,HEALTHCARE SERVICES,MAXHEALTH,11.69999695,256.4349983,243.5650017,251.9499969,240.25,250
Mazagoan Dock Shipbuilders Ltd.,INDUSTRIAL MANUFACTURING,MAZDOCK,12.8999939,260.1950027,246.0050095,258.6499939,245.75,253.1000061
Metropolis Healthcare Ltd.,HEALTHCARE SERVICES,METROPOLIS,117.0998535,2826.154919,2697.345081,2795.899902,2678.800049,2761.75
MindTree Ltd.,IT,MINDTREE,99.89990234,2529.744995,2419.855103,2525,2425.100098,2474.800049
Minda Corporation Ltd.,AUTOMOBILE,MINDACORP,8.850006104,133.1675064,123.4324997,135.3000031,126.4499969,128.3000031
Minda Industries Ltd.,AUTOMOBILE,MINDAIND,69,705.7,629.8,670,601,667.75
Mishra Dhatu Nigam Ltd.,METALS,MIDHANI,11.55000305,208.3024986,195.5974953,208.1000061,196.5500031,201.9499969
Motherson Sumi Systems Ltd.,AUTOMOBILE,MOTHERSUMI,14.25,245.3375,229.6625,242.0500031,227.8000031,237.5
Motilal Oswal Financial Services Ltd.,FINANCIAL SERVICES,MOTILALOFS,45.29998779,825.0149689,775.1849823,818,772.7000122,800.0999756
MphasiS Ltd.,IT,MPHASIS,106.2000732,2096.91004,1980.08996,2099.800049,1993.599976,2038.5
Multi Commodity Exchange of India Ltd.,FINANCIAL SERVICES,MCX,31.90002441,1511.545013,1476.454987,1503.900024,1472,1494
Muthoot Finance Ltd.,FINANCIAL SERVICES,MUTHOOTFIN,40.84997559,1494.867511,1449.932538,1487.449951,1446.599976,1472.400024
NATCO Pharma Ltd.,PHARMA,NATCOPHARM,53.94995117,1128.622424,1069.277478,1100,1046.050049,1098.949951
NBCC (India) Ltd.,CONSTRUCTION,NBCC,4.599998474,57.0799984,52.02000008,56.59999847,52,54.54999924
NCC Ltd.,CONSTRUCTION,NCC,6.700004578,88.08500404,80.71499901,85.80000305,79.09999847,84.40000153
NESCO Ltd.,SERVICES,NESCO,25.25,570.8375122,543.0625122,568.25,543,556.9500122
NHPC Ltd.,POWER,NHPC,0.799999237,27.0899992,26.21000004,26.79999924,26,26.64999962
NLC India Ltd.,POWER,NLCINDIA,3.899997711,63.24499722,58.95499973,62.79999924,58.90000153,61.09999847
NMDC Ltd.,METALS,NMDC,9.200012207,183.2600037,173.1399902,180.8500061,171.6499939,178.1999969
NOCIL Ltd.,CHEMICALS,NOCIL,17.25,219.6374939,200.6624939,219.8999939,202.6499939,210.1499939
NTPC Ltd.,POWER,NTPC,5.099998474,116.5049961,110.8949978,118.0999985,113,113.6999969
Narayana Hrudayalaya Ltd.,HEALTHCARE SERVICES,NH,24.94998169,470.7224899,443.2775101,469.1499939,444.2000122,457
National Aluminium Co. Ltd.,METALS,NATIONALUM,3.699996948,69.78499832,65.71500168,68.75,65.05000305,67.75
National Fertilizers Ltd.,FERTILISERS & PESTICIDES,NFL,3.849998474,68.81749611,64.58249779,68.5,64.65000153,66.69999695
Navin Fluorine International Ltd.,CHEMICALS,NAVINFLUOR,132.8999023,3423.094946,3276.905054,3408.75,3275.850098,3350
Nestle India Ltd.,CONSUMER GOODS,NESTLEIND,488.5507813,17883.70293,17346.29707,18088.55078,17600,17615
Network18 Media & Investments Ltd.,MEDIA ENTERTAINMENT & PUBLICATION,NETWORK18,4.75,54.41249924,49.18749924,53.75,49,51.79999924
Nilkamal Ltd.,INDUSTRIAL MANUFACTURING,NILKAMAL,64.30004883,2259.115027,2188.384973,2234.800049,2170.5,2223.75
Nippon Life India Asset Management Ltd.,FINANCIAL SERVICES,NAM-INDIA,12.3999939,363.4699905,349.8299973,362.6000061,350.2000122,356.6499939
Oberoi Realty Ltd.,CONSTRUCTION,OBEROIRLTY,35,636.5999756,598.0999756,640,605,617.3499756
Oil & Natural Gas Corporation Ltd.,OIL & GAS,ONGC,5.549995422,123.8525005,117.7475056,124.4499969,118.9000015,120.8000031
Oil India Ltd.,OIL & GAS,OIL,5.649993896,151.1074966,144.8925034,149.6499939,144,148
Oracle Financial Services Software Ltd.,IT,OFSS,144.6999512,3619.584973,3460.415027,3669,3524.300049,3540
Orient Electric Ltd.,CONSUMER GOODS,ORIENTELEC,17.45001221,330.8974945,311.7024811,332.4500122,315,321.2999878
Orient Refractories Ltd.,INDUSTRIAL MANUFACTURING,ORIENTREF,22.55001831,324.6025223,299.7975021,315.7000122,293.1499939,312.2000122
PI Industries Ltd.,FERTILISERS & PESTICIDES,PIIND,98.09985352,2922.204919,2814.295081,2874.899902,2776.800049,2868.25
PNB Housing Finance Ltd.,FINANCIAL SERVICES,PNBHOUSING,63.75,776.9124756,706.7874756,784.7999878,721.0499878,741.8499756
PNC Infratech Ltd.,CONSTRUCTION,PNCINFRA,15.1000061,256.9050095,240.2950027,254.1000061,239,248.6000061
PVR Ltd.,MEDIA ENTERTAINMENT & PUBLICATION,PVR,67.69995117,1455.184924,1380.714978,1431.349976,1363.650024,1417.949951
Page Industries Ltd.,TEXTILES,PAGEIND,594.9492188,30127.72207,29473.27793,30020,29425.05078,29800.5
Persistent Systems Ltd.,IT,PERSISTENT,81.89990234,2585.044946,2494.955054,2586.899902,2505,2540
Petronet LNG Ltd.,OIL & GAS,PETRONET,5.300003052,229.3149956,223.4849922,230,224.6999969,226.3999939
Pfizer Ltd.,PHARMA,PFIZER,79.14990234,5446.782446,5359.717554,5459.149902,5380,5403.25
Phillips Carbon Black Ltd.,CHEMICALS,PHILIPCARB,14.80000305,230.1400017,213.8599983,232,217.1999969,222
Phoenix Mills Ltd.,CONSTRUCTION,PHOENIXLTD,34.95001221,819.2225067,780.7774933,824.7000122,789.75,800
Pidilite Industries Ltd.,CHEMICALS,PIDILITIND,61.80004883,2159.389929,2091.409875,2156.600098,2094.800049,2125.399902
Piramal Enterprises Ltd.,FINANCIAL SERVICES,PEL,135,2310.75,2162.25,2255,2120,2236.5
Poly Medicure Ltd.,HEALTHCARE SERVICES,POLYMED,42.59997559,923.4299866,876.5700134,915,872.4000244,900
Polycab India Ltd.,INDUSTRIAL MANUFACTURING,POLYCAB,48.59997559,1963.030035,1909.570062,1950,1901.400024,1936.300049
Polyplex Corporation Ltd.,INDUSTRIAL MANUFACTURING,POLYPLEX,96.70007324,1324.085065,1217.714984,1332.150024,1235.449951,1270.900024
Power Finance Corporation Ltd.,FINANCIAL SERVICES,PFC,4.75,127.2625015,122.0375015,127.8499985,123.0999985,124.6500015
Power Grid Corporation of India Ltd.,POWER,POWERGRID,13.8999939,241.6449966,226.3550034,244,230.1000061,234
Prestige Estates Projects Ltd.,CONSTRUCTION,PRESTIGE,9.600006104,287.3299911,276.7699844,283.6000061,274,282.0499878
Prince Pipes and Fittings Ltd.,INDUSTRIAL MANUFACTURING,PRINCEPIPE,58.04998779,730.8275177,666.9725311,705,646.9500122,698.9000244
Prism Johnson Ltd.,CEMENT & CEMENT PRODUCTS,PRSMJOHNSN,7,132.4999939,124.7999939,132,125,128.6499939
Procter & Gamble Health Ltd.,PHARMA,PGHL,156,5977.8,5806.2,5897,5741,5892
Procter & Gamble Hygiene & Health Care Ltd.,CONSUMER GOODS,PGHH,460.5996094,13633.32979,13126.67021,13466.84961,13006.25,13380
Punjab National Bank,FINANCIAL SERVICES,PNB,2.600002289,41.88000202,39.0199995,41.65000153,39.04999924,40.45000076
Quess Corp Ltd.,SERVICES,QUESS,74.59997559,910.2799866,828.2200134,876.7999878,802.2000122,869.25
RBL Bank Ltd.,FINANCIAL SERVICES,RBLBANK,9.899993896,212.1949966,201.3050034,211.1999969,201.3000031,206.75
REC Ltd.,FINANCIAL SERVICES,RECLTD,7,150.9000031,143.2000031,152,145,147.0500031
RITES Ltd.,SERVICES,RITES,9.25,269.6875061,259.5125061,270,260.75,264.6000061
Radico Khaitan Ltd,CONSUMER GOODS,RADICO,48.29998779,815.3649811,762.2349945,794.75,746.4500122,788.7999878
Rail Vikas Nigam Ltd.,CONSTRUCTION,RVNL,1.649997711,32.25749912,30.44250164,32.09999847,30.45000076,31.35000038
Rain Industries Ltd,CHEMICALS,RAIN,18.05000305,201.7275047,181.8725014,200.8500061,182.8000031,191.8000031
Rajesh Exports Ltd.,CONSUMER GOODS,RAJESHEXPO,51.79998779,638.4899933,581.5100067,619,567.2000122,610
Rallis India Ltd.,FERTILISERS & PESTICIDES,RALLIS,26.79998779,359.3899872,329.9100006,362,335.2000122,344.6499939
Rashtriya Chemicals & Fertilizers Ltd.,FERTILISERS & PESTICIDES,RCF,4.349998474,85.29250069,80.50750237,85.15000153,80.80000305,82.90000153
Ratnamani Metals & Tubes Ltd.,METALS,RATNAMANI,54.05004883,2064.977527,2005.522473,2045,1990.949951,2035.25
Raymond Ltd.,TEXTILES,RAYMOND,27.45001221,431.5975067,401.4024933,431.6000061,404.1499939,416.5
Redington (India) Ltd.,SERVICES,REDINGTON,25.44999695,285.8974922,257.9024956,274.3999939,248.9499969,271.8999939
Relaxo Footwears Ltd.,CONSUMER GOODS,RELAXO,38,1146.300024,1104.500024,1130,1092,1125.400024
Reliance Industries Ltd.,OIL & GAS,RELIANCE,50,2251.600098,2196.600098,2235,2185,2224.100098
Responsive Industries Ltd.,CONSUMER GOODS,RESPONIND,9.949996948,153.8724922,142.9274956,155.4499969,145.5,148.3999939
Rossari Biotech Ltd.,CHEMICALS,ROSSARI,60.70007324,1249.735016,1182.964935,1240.650024,1179.949951,1216.349976
Route Mobile Ltd.,IT,ROUTE,120.0999756,1753.054987,1620.945013,1777,1656.900024,1687
SBI Cards and Payment Services Ltd.,FINANCIAL SERVICES,SBICARD,28.45001221,1023.447495,992.1524811,1009.75,981.2999878,1007.799988
SBI Life Insurance Company Ltd.,FINANCIAL SERVICES,SBILIFE,36.75,1003.562476,963.1374756,993.5,956.75,983.3499756
SIS Ltd.,SERVICES,SIS,20.5,426.775,404.225,426.5,406,415.5
SJVN Ltd.,POWER,SJVN,0.800001144,28.94000063,28.05999937,28.95000076,28.14999962,28.5
SKF India Ltd.,INDUSTRIAL MANUFACTURING,SKFINDIA,165.75,2667.262598,2484.937598,2670,2504.25,2576.100098
SRF Ltd.,CHEMICALS,SRF,255.8999023,7209.945142,6928.455249,7189,6933.100098,7069.200195
Sanofi India Ltd.,PHARMA,SANOFI,260.9003906,7793.495215,7506.504785,7775.950195,7515.049805,7650
Schaeffler India Ltd.,INDUSTRIAL MANUFACTURING,SCHAEFFLER,125.6503906,5366.007617,5227.792188,5331.950195,5206.299805,5296.899902
Schneider Electric Infrastructure Ltd.,INDUSTRIAL MANUFACTURING,SCHNEIDER,10.30000305,129.7650002,118.4349968,128.5,118.1999969,124.0999985
Sequent Scientific Ltd.,PHARMA,SEQUENT,16.30001831,278.5650162,260.634996,276.6000061,260.2999878,269.6000061
Sharda Cropchem Ltd.,FERTILISERS & PESTICIDES,SHARDACROP,20.95001221,365.6225128,342.5774994,362.9500122,342,354.1000061
Sheela Foam Ltd.,CONSUMER GOODS,SFL,78.34985352,2244.092419,2157.907581,2228.649902,2150.300049,2201
Shilpa Medicare Ltd.,PHARMA,SHILPAMED,35.40002441,553.6700256,514.7299988,537.9500122,502.5499878,534.2000122
Shipping Corporation of India Ltd.,SERVICES,SCI,7.150001526,113.9325008,106.0674992,113.6500015,106.5,110
Shoppers Stop Ltd.,CONSUMER SERVICES,SHOPERSTOP,14.90000916,235.195005,218.804995,233.6000061,218.6999969,227
Shree Cement Ltd.,CEMENT & CEMENT PRODUCTS,SHREECEM,616.3007813,28384.76621,27706.83535,28567.90039,27951.59961,28045.80078
Shriram City Union Finance Ltd.,FINANCIAL SERVICES,SHRIRAMCIT,73,1779.550024,1699.250024,1755,1682,1739.400024
Shriram Transport Finance Co. Ltd.,FINANCIAL SERVICES,SRTRANSFIN,79.59997559,1422.779987,1335.220013,1423.650024,1344.050049,1379
Siemens Ltd.,INDUSTRIAL MANUFACTURING,SIEMENS,79.25,2073.5875,1986.4125,2039.949951,1960.699951,2030
Sobha Ltd.,CONSTRUCTION,SOBHA,24.25,513.8874878,487.2124878,502.3999939,478.1499939,500.5499878
Solar Industries India Ltd.,CHEMICALS,SOLARINDS,51.09997559,1613.454962,1557.244989,1608.099976,1557,1585.349976
Solara Active Pharma Sciences Ltd.,PHARMA,SOLARA,86.09997559,1772.354987,1677.645013,1739,1652.900024,1725
Sonata Software Ltd.,IT,SONATSOFTW,61.79998779,769.9899933,702.0100067,736,674.2000122,736
Spandana Sphoorty Financial Ltd.,FINANCIAL SERVICES,SPANDANA,39.70001221,698.4349823,654.7649689,689.7000122,650,676.5999756
Spicejet Ltd.,SERVICES,SPICEJET,4.050003052,78.72750168,74.27249832,77.75,73.69999695,76.5
Star Cement Ltd.,CEMENT & CEMENT PRODUCTS,STARCEMENT,8.5,111.0750015,101.7250015,109.9000015,101.4000015,106.4000015
State Bank of India,FINANCIAL SERVICES,SBIN,20.6000061,425.7299973,403.0699905,423.4500122,402.8500061,414.3999939
Steel Authority of India Ltd.,METALS,SAIL,9.349990845,128.8424919,118.557502,128.8999939,119.5500031,123.6999969
Sterling And Wilson Solar Ltd.,CONSTRUCTION,SWSOLAR,14.69999695,247.4849922,231.3149956,247.9499969,233.25,239.3999939
Sterlite Technologies Ltd.,TELECOM,STLTECH,9.799987793,270.3400055,259.5600189,268.6499939,258.8500061,264.9500122
Strides Pharma Science Ltd.,PHARMA,STAR,25.04998779,787.7774933,760.2225067,794,768.9500122,774
Sudarshan Chemical Industries Ltd.,CHEMICALS,SUDARSCHEM,33.69995117,685.5349731,648.4650269,675.8499756,642.1500244,667
Sumitomo Chemical India Ltd.,FERTILISERS & PESTICIDES,SUMICHEM,23.45001221,392.2475128,366.4524994,384.7000122,361.25,379.3500061
Sun Pharma Advanced Research Company Ltd.,PHARMA,SPARC,22.75,245.6125061,220.5875061,239.3000031,216.5500031,233.1000061
Sun Pharmaceutical Industries Ltd.,PHARMA,SUNPHARMA,20.29998779,680.2649689,657.9349823,673,652.7000122,669.0999756
Sun TV Network Ltd.,MEDIA ENTERTAINMENT & PUBLICATION,SUNTV,41.35003662,571.7425201,526.2574799,553.9500122,512.5999756,549
Sundaram Clayton Ltd.,AUTOMOBILE,SUNCLAYLTD,189.8000488,3583.339978,3374.559924,3562,3372.199951,3478.949951
Sundaram Finance Ltd.,FINANCIAL SERVICES,SUNDARMFIN,83,2670.65,2579.35,2705,2622,2625
Sundram Fasteners Ltd.,AUTOMOBILE,SUNDRMFAST,50.25,831.4874756,776.2124756,827.5499878,777.2999878,803.8499756
Sunteck Realty Ltd.,CONSTRUCTION,SUNTECK,12.25,295.7375,282.2625,292.9500122,280.7000122,289
Suprajit Engineering Ltd.,AUTOMOBILE,SUPRAJIT,20.75,290.3124939,267.4874939,289.3500061,268.6000061,278.8999939
Supreme Industries Ltd.,INDUSTRIAL MANUFACTURING,SUPREMEIND,122.9499512,2222.022375,2086.777429,2273,2150.050049,2154.399902
Supreme Petrochem Ltd.,CHEMICALS,SUPPETRO,36,753.8,714.2,760,724,734
Suven Pharmaceuticals Ltd.,PHARMA,SUVENPHAR,25.3999939,493.9699966,466.0300034,487,461.6000061,480
Suzlon Energy Ltd.,INDUSTRIAL MANUFACTURING,SUZLON,0.599999905,7.829999948,7.170000052,7.5,6.900000095,7.5
Swan Energy Ltd.,TEXTILES,SWANENERGY,3.649993896,142.6075027,138.5925095,140.8999939,137.25,140.6000061
Symphony Ltd.,CONSUMER GOODS,SYMPHONY,43.84997559,1102.117487,1053.882513,1109.849976,1066,1078
Syngene International Ltd.,HEALTHCARE SERVICES,SYNGENE,14.34997559,582.792511,567.0075378,582.25,567.9000244,574.9000244
TCI Express Ltd.,SERVICES,TCIEXP,80.05004883,1504.027527,1415.972473,1480.050049,1400,1460
TCNS Clothing Co. Ltd.,TEXTILES,TCNSBRANDS,108.3999634,694.6699677,575.4300079,652.3499756,543.9500122,635.0499878
TTK Prestige Ltd.,CONSUMER GOODS,TTKPRESTIG,343,8773.949805,8396.649805,8820,8477,8585.299805
TV18 Broadcast Ltd.,MEDIA ENTERTAINMENT & PUBLICATION,TV18BRDCST,4.050003052,44.6275032,40.17249985,44.65000153,40.59999847,42.40000153
TVS Motor Company Ltd.,AUTOMOBILE,TVSMOTOR,22,625.35,601.15,615,593,613.25
Tanla Platforms Ltd.,IT,TANLA,70,838.25,761.25,805,735,799.75
Tasty Bite Eatables Ltd.,CONSUMER GOODS,TASTYBITE,550.9003906,15084.04502,14478.05459,15150.9502,14600.0498,14781.0498
Tata Chemicals Ltd.,CHEMICALS,TATACHEM,36.95001221,735.1224945,694.4774811,733,696.0499878,714.7999878
Tata Coffee Ltd.,CONSUMER GOODS,TATACOFFEE,11.8500061,182.1175095,169.0825027,180,168.1499939,175.6000061
Tata Communications Ltd.,TELECOM,TATACOMM,93.04992676,1306.17746,1203.82254,1284.599976,1191.550049,1255
Tata Consultancy Services Ltd.,IT,TCS,81.79980469,3347.989893,3258.010107,3356.899902,3275.100098,3303
Tata Consumer Products Ltd.,CONSUMER GOODS,TATACONSUM,15.35003662,748.2425079,731.3574677,747.4500122,732.0999756,739.7999878
Tata Elxsi Ltd.,IT,TATAELXSI,204.25,3756.3375,3531.6625,3789.25,3585,3644
Tata Investment Corporation Ltd.,FINANCIAL SERVICES,TATAINVEST,51.89990234,1118.644922,1061.555029,1137.449951,1085.550049,1090.099976
Tata Motors Ltd DVR,AUTOMOBILE,TATAMTRDVR,10.6000061,161.7299973,150.0699905,162,151.3999939,155.8999939
Tata Motors Ltd.,AUTOMOBILE,TATAMOTORS,17.79998779,348.0899811,328.5099945,346.8999939,329.1000061,338.2999878
Tata Power Co. Ltd.,POWER,TATAPOWER,7.699996948,126.2349983,117.7650017,124.6999969,117,122
Tata Steel Ltd.,METALS,TATASTEEL,59.59997559,1127.779987,1062.220013,1109.900024,1050.300049,1095
Teamlease Services Ltd.,SERVICES,TEAMLEASE,58.40014648,3557.220178,3492.980017,3559.600098,3501.199951,3525.100098
Tech Mahindra Ltd.,IT,TECHM,36.40002441,1090.020013,1049.979987,1091.5,1055.099976,1070
The New India Assurance Company Ltd.,FINANCIAL SERVICES,NIACL,9.75,179.8625,169.1375,176.5,166.75,174.5
The Ramco Cements Ltd.,CEMENT & CEMENT PRODUCTS,RAMCOCEM,45.5,1051.775,1001.725,1044,998.5,1026.75
Thermax Ltd.,INDUSTRIAL MANUFACTURING,THERMAX,71.65002441,1449.407513,1370.592487,1443,1371.349976,1410
Thyrocare Technologies Ltd.,HEALTHCARE SERVICES,THYROCARE,63,1322.450049,1253.150049,1334,1271,1287.800049
Timken India Ltd.,INDUSTRIAL MANUFACTURING,TIMKEN,57.65002441,1415.257562,1351.842535,1397.400024,1339.75,1383.550049
Titan Company Ltd.,CONSUMER GOODS,TITAN,38.09997559,1732.255035,1690.345062,1724.099976,1686,1711.300049
Torrent Pharmaceuticals Ltd.,PHARMA,TORNTPHARM,94.35009766,2950.242651,2846.457544,2956.350098,2862,2898.350098
Torrent Power Ltd.,POWER,TORNTPOWER,23.5,468.2750061,442.4250061,463,439.5,455.3500061
Trent Ltd.,CONSUMER SERVICES,TRENT,24.70001221,862.7850189,835.6150055,864.9000244,840.2000122,849.2000122
Trident Ltd.,TEXTILES,TRIDENT,0.949999809,17.07249913,16.02749934,16.89999962,15.94999981,16.54999924
Triveni Turbine Ltd.,INDUSTRIAL MANUFACTURING,TRITURBINE,8.699996948,118.3849968,108.8150002,116.5,107.8000031,113.5999985
Tube Investments of India Ltd.,AUTOMOBILE,TIINDIA,124.3499756,1260.442535,1123.657562,1305,1180.650024,1192.050049
UCO Bank,FINANCIAL SERVICES,UCOBANK,0.900000572,14.14499993,13.1549993,14.10000038,13.19999981,13.64999962
UFLEX Ltd.,INDUSTRIAL MANUFACTURING,UFLEX,25.6000061,479.3799911,451.2199844,475.6000061,450,465.2999878
UPL Ltd.,FERTILISERS & PESTICIDES,UPL,47.89996338,835.8949677,783.2050079,838.8499756,790.9500122,809.5499878
UTI Asset Management Company Ltd.,FINANCIAL SERVICES,UTIAMC,29.60003662,793.2800201,760.7199799,791.9500122,762.3499756,777
Ujjivan Financial Services Ltd.,FINANCIAL SERVICES,UJJIVAN,8.849990845,215.617495,205.882505,214.8999939,206.0500031,210.75
Ujjivan Small Finance Bank Ltd.,FINANCIAL SERVICES,UJJIVANSFB,1.950000763,31.87249966,29.72749882,32.15000153,30.20000076,30.79999924
UltraTech Cement Ltd.,CEMENT & CEMENT PRODUCTS,ULTRACEMCO,144.6000977,6766.380151,6607.320044,6727.950195,6583.350098,6686.850098
Union Bank of India,FINANCIAL SERVICES,UNIONBANK,2.600002289,39.58000278,36.72000027,38.70000076,36.09999847,38.15000153
United Breweries Ltd.,CONSUMER GOODS,UBL,72.04992676,1406.477435,1327.222516,1409.099976,1337.050049,1366.849976
United Spirits Ltd.,CONSUMER GOODS,MCDOWELL-N,35.45001221,691.8975311,652.9025177,678.75,643.2999878,672.4000244
V-Guard Industries Ltd.,CONSUMER GOODS,VGUARD,14.90000916,272.7449928,256.3549828,266.3500061,251.4499969,264.5499878
V-Mart Retail Ltd.,CONSUMER SERVICES,VMART,54.89990234,2830.244995,2769.855103,2826,2771.100098,2800.050049
V.I.P. Industries Ltd.,CONSUMER GOODS,VIPIND,22.5,404.4750061,379.7250061,405,382.5,392.1000061
VST Industries Ltd.,CONSUMER GOODS,VSTIND,145.0500488,3571.427429,3411.872375,3565,3419.949951,3491.649902
Vaibhav Global Ltd.,CONSUMER SERVICES,VAIBHAVGBL,32.04998779,817.1774811,781.9224945,814,781.9500122,799.5499878
Vakrangee Ltd.,IT,VAKRANGEE,3.550003052,49.8525032,45.94749985,48.65000153,45.09999847,47.90000153
Valiant Organics Ltd.,CHEMICALS,VALIANTORG,56.94995117,1539.222498,1476.577551,1551.849976,1494.900024,1507.900024
Vardhman Textiles Ltd.,TEXTILES,VTL,87,1413.750024,1318.050024,1435,1348,1365.900024
Varroc Engineering Ltd.,AUTOMOBILE,VARROC,10,378.5,367.5,378,368,373
Varun Beverages Ltd.,CONSUMER GOODS,VBL,16.95001221,802.3225067,783.6774933,800,783.0499878,793
Vedanta Ltd.,METALS,VEDL,16.5,261.0249969,242.8749969,259,242.5,251.9499969
Venky's (India) Ltd.,CONSUMER GOODS,VENKEYS,127.3999023,2725.069946,2584.930054,2728,2600.600098,2655
Vinati Organics Ltd.,CHEMICALS,VINATIORGA,71.55004883,1788.302478,1709.597424,1780.050049,1708.5,1748.949951
Vodafone Idea Ltd.,TELECOM,IDEA,1.449999809,11.19749951,9.602499723,10.5,9.050000191,10.39999962
Voltas Ltd.,CONSUMER GOODS,VOLTAS,37.44995117,1047.847473,1006.652527,1039.949951,1002.5,1027.25
WABCO India Ltd.,AUTOMOBILE,WABCOINDIA,281.8999023,7122.594751,6812.504858,7194,6912.100098,6967.549805
Welspun Corp Ltd.,METALS,WELCORP,7.050003052,148.3775017,140.6224983,149.25,142.1999969,144.5
Welspun India Ltd.,TEXTILES,WELSPUNIND,4.75,95.76250153,90.53750153,94.09999847,89.34999847,93.15000153
Westlife Development Ltd.,CONSUMER SERVICES,WESTLIFE,34.70001221,519.1349945,480.9649811,508.75,474.0499878,500.0499878
Whirlpool of India Ltd.,CONSUMER GOODS,WHIRLPOOL,98.94995117,2252.072375,2143.227429,2275.399902,2176.449951,2197.649902
Wipro Ltd.,IT,WIPRO,15.79998779,560.9399933,543.5600067,561.9500122,546.1500244,552.25
Wockhardt Ltd.,PHARMA,WOCKPHARMA,36.54998779,611.4024811,571.1974945,617.9500122,581.4000244,591.2999878
Yes Bank Ltd.,FINANCIAL SERVICES,YESBANK,0.449999809,14.09750028,13.60250049,13.89999962,13.44999981,13.85000038
Zee Entertainment Enterprises Ltd.,MEDIA ENTERTAINMENT & PUBLICATION,ZEEL,13.55000305,229.0525078,214.1475044,226.3000031,212.75,221.6000061
Zensar Technolgies Ltd.,IT,ZENSARTECH,19.8999939,306.5450027,284.6550095,304,284.1000061,295.6000061
Zydus Wellness Ltd.,CONSUMER GOODS,ZYDUSWELL,133.1999512,2157.759973,2011.240027,2118.5,1985.300049,2084.5
eClerx Services Ltd.,IT,ECLERX,90.65002441,1817.507538,1717.792511,1767.650024,1677,1767.650024
