Range,Camarilla H4,Camarilla L4,Day High,Day Low,Day Close,Central Pivot,BC,TC
739,25851.850390625,25038.950390625,25600,24861,25445.400390625,25302.133463541668,25230.5,25373.766927083336
96.050048828125,1796.8275268554687,1691.1724731445313,1753,1656.949951171875,1744,1717.9833170572917,1704.9749755859375,1730.991658528646
73.3499755859375,1863.4424621582032,1782.7574890136718,1828.9000244140625,1755.550048828125,1823.0999755859375,1802.5166829427083,1792.2250366210938,1812.8083292643228
66.699951171875,2064.584997558594,1991.2150512695312,2063,1996.300048828125,2027.9000244140625,2029.0666910807292,2029.6500244140625,2028.483357747396
54.75,2013.312451171875,1953.087451171875,2007.800048828125,1953.050048828125,1983.199951171875,1981.3500162760417,1980.425048828125,1982.2749837239585
72.1500244140625,1589.582537841797,1510.217510986328,1579.5999755859375,1507.449951171875,1549.9000244140625,1545.6499837239583,1543.5249633789062,1547.7750040690103
42,1050.7500244140624,1004.5500244140625,1049.9000244140625,1007.9000244140625,1027.6500244140625,1028.4833577473958,1028.9000244140625,1028.066691080729
23.1500244140625,732.8324890136719,707.3674621582031,732.1500244140625,709,720.0999755859375,720.4166666666666,720.5750122070312,720.258321126302
77.8499755859375,1813.8174865722656,1728.1825134277344,1830,1752.1500244140625,1771,1784.3833414713542,1791.0750122070312,1777.6916707356772
201,2548.55,2327.45,2624,2423,2438,2495,2523.5,2466.5
610,16872.19921875,16201.19921875,16630,16020,16536.69921875,16395.56640625,16325,16466.1328125
171.4000244140625,1592.0700622558593,1403.5300354003907,1504,1332.5999755859375,1497.800048828125,1444.8000081380208,1418.2999877929688,1471.3000284830728
7.5,1071.675048828125,1063.425048828125,1075,1067.5,1067.550048828125,1070.0166829427083,1071.25,1068.7833658854165
65.79998779296875,730.0399688720703,657.6599822998047,704.5499877929688,638.75,693.8499755859375,679.0499877929688,671.6499938964844,686.4499816894531
0,1258.449951171875,1258.449951171875,1258.449951171875,1258.449951171875,1258.449951171875,1258.449951171875,1258.449951171875,1258.449951171875
0,1240.1500244140625,1240.1500244140625,1240.1500244140625,1240.1500244140625,1240.1500244140625,1240.1500244140625,1240.1500244140625,1240.1500244140625
5.9499969482421875,122.3724967956543,115.82750015258789,123.0999984741211,117.1500015258789,119.0999984741211,119.78333282470703,120.125,119.44166564941406
10.550003051757812,207.40250778198242,195.79750442504883,204.35000610351562,193.8000030517578,201.60000610351562,199.9166717529297,199.07500457763672,200.75833892822266
30.54998779296875,432.9024993896484,399.2975128173828,442,411.45001220703125,416.1000061035156,423.18333943684894,426.7250061035156,419.64167277018225
18.20001220703125,363.3600128173828,343.3399993896484,361.20001220703125,343,353.3500061035156,352.5166727701823,352.1000061035156,352.933339436849
244.5498046875,4864.952587890625,4595.947802734375,4975,4730.4501953125,4730.4501953125,4811.966796875,4852.72509765625,4771.20849609375
55.75,1979.6625,1918.3375,1970.75,1915,1949,1944.9166666666667,1942.875,1946.9583333333335
51.64990234375,2256.6574462890626,2199.8425537109374,2278.75,2227.10009765625,2228.25,2244.7000325520835,2252.925048828125,2236.475016276042
16.900009155273438,143.29500503540038,124.7049949645996,137.60000610351562,120.69999694824219,134,130.76666768391928,129.1500015258789,132.38333384195965
41.25,998.7374877929688,953.3624877929688,1000.7000122070312,959.4500122070312,976.0499877929688,978.7333374023438,980.0750122070312,977.3916625976562
152.150146484375,3225.882531738281,3058.517370605469,3209.800048828125,3057.64990234375,3142.199951171875,3136.5499674479165,3133.7249755859375,3139.3749593098955
134.949951171875,3601.2224731445312,3452.7775268554688,3595,3460.050048828125,3527,3527.3500162760415,3527.5250244140625,3527.1750081380205
3.200000762939453,29.410000038146972,25.889999198913575,29.25,26.049999237060547,27.649999618530273,27.649999618530273,27.649999618530273,27.649999618530273
32,767.0500122070313,731.8500122070312,769.25,737.25,749.4500122070312,751.9833374023438,753.25,750.7166748046875
78.89990234375,2781.2948486328123,2694.5049560546877,2784.75,2705.85009765625,2737.89990234375,2742.8333333333335,2745.300048828125,2740.366617838542
11.9000244140625,347.8450012207031,334.7549743652344,347.45001220703125,335.54998779296875,341.29998779296875,341.43332926432294,341.5,341.36665852864587
67.39996337890625,849.0699798583985,774.9300201416015,833.8499755859375,766.4500122070312,812,804.0999959309896,800.1499938964844,808.0499979654949
89.699951171875,3263.4848754882814,3164.8149291992186,3253,3163.300048828125,3214.14990234375,3210.1499837239585,3208.1500244140625,3212.1499430338545
12.649993896484375,234.9574966430664,221.0425033569336,232.64999389648438,220,228,226.88333129882812,226.3249969482422,227.44166564941406
17.149993896484375,331.43249664306643,312.56750335693357,335.5,318.3500061035156,322,325.28333536783856,326.9250030517578,323.6416676839193
8.650001525878906,121.5075008392334,111.9924991607666,122.25,113.5999984741211,116.75,117.53333282470703,117.92499923706055,117.14166641235352
10.800003051757812,105.5900032043457,93.7099998474121,102.1500015258789,91.3499984741211,99.6500015258789,97.71666717529297,96.75,98.68333435058594
61.099853515625,3080.8048706054688,3013.5950317382812,3077.14990234375,3016.050048828125,3047.199951171875,3046.7999674479165,3046.5999755859375,3046.9999593098955
13.75,167.5625,152.4375,161.75,148,160,156.58333333333334,154.875,158.29166666666669
103.75,3747.21240234375,3633.08740234375,3753.75,3650,3690.14990234375,3697.9666341145835,3701.875,3694.058268229167
65.9000244140625,2016.6949645996094,1944.2049377441406,1988.9000244140625,1923,1980.449951171875,1964.1166585286458,1955.9500122070312,1972.2833048502603
195,9033.0498046875,8818.5498046875,8975,8780,8925.7998046875,8893.599934895834,8877.5,8909.699869791668
50.4000244140625,974.4700134277343,919.0299865722657,968.5,918.0999755859375,946.75,944.4499918619791,943.2999877929688,945.5999959309895
31.5999755859375,600.3799865722656,565.6200134277344,593.5999755859375,562,583,579.5333251953125,577.7999877929688,581.2666625976562
119.050048828125,3383.1774780273436,3252.2224243164064,3372,3252.949951171875,3317.699951171875,3314.2166341145835,3312.4749755859375,3315.9582926432295
20.95001220703125,747.8224945068359,724.7774810791016,743.2000122070312,722.25,736.2999877929688,733.9166666666666,732.7250061035156,735.1083272298176
180.10009765625,2744.4549560546875,2546.3448486328125,2740,2559.89990234375,2645.39990234375,2648.4332682291665,2649.949951171875,2646.916585286458
67.0499267578125,1409.127459716797,1335.372540283203,1407.449951171875,1340.4000244140625,1372.25,1373.3666585286458,1373.9249877929688,1372.8083292643228
64.70001220703125,938.5850067138672,867.4149932861328,922.7000122070312,858,903,894.5666707356771,890.3500061035156,898.7833353678386
161.949951171875,4266.522668457032,4088.377722167969,4192,4030.050048828125,4177.4501953125,4133.166748046875,4111.0250244140625,4155.3084716796875
14,304.7,289.3,299.3999938964844,285.3999938964844,297,293.93332926432294,292.3999938964844,295.4666646321615
35.9000244140625,1017.0450012207032,977.5549743652343,1022.9000244140625,987,997.2999877929688,1002.4000040690104,1004.9500122070312,999.8499959309895
180.64990234375,6181.357446289063,5982.642553710937,6146,5965.35009765625,6082,6064.450032552083,6055.675048828125,6073.225016276041
379.150390625,12207.88232421875,11790.81689453125,12100,11720.849609375,11999.349609375,11940.06640625,11910.4248046875,11969.7080078125
73.800048828125,3561.1901245117188,3480.0100708007812,3540.5,3466.699951171875,3520.60009765625,3509.2666829427085,3503.5999755859375,3514.9333902994795
199.150146484375,2691.632678222656,2472.567517089844,2651.10009765625,2451.949951171875,2582.10009765625,2561.7167154947915,2551.5250244140625,2571.9084065755205
61.949951171875,2326.072473144531,2257.927526855469,2299.949951171875,2238,2292,2276.6499837239585,2268.9749755859375,2284.3249918619795
8.04998779296875,142.57748718261718,133.72250061035157,143.39999389648438,135.35000610351562,138.14999389648438,138.96666463216147,139.375,138.55832926432294
21.5,333.825,310.175,336,314.5,322,324.1666666666667,325.25,323.08333333333337
10.75,322.5624938964844,310.73749389648435,320.5,309.75,316.6499938964844,315.6333312988281,315.125,316.14166259765625
5.650001525878906,83.45749931335449,77.2424976348877,82.8499984741211,77.19999694824219,80.3499984741211,80.13333129882812,80.02499771118164,80.24166488647461
4.049995422363281,77.5774959564209,73.12250099182128,77.8499984741211,73.80000305175781,75.3499984741211,75.66666666666667,75.82500076293945,75.50833257039389
1.5499992370605469,25.95249996185303,24.247500801086424,25.799999237060547,24.25,25.100000381469727,25.049999872843426,25.024999618530273,25.075000127156578
50.800048828125,1671.9400268554687,1616.0599731445313,1680.800048828125,1630,1644,1651.6000162760417,1655.4000244140625,1647.800008138021
135,5656.35009765625,5507.85009765625,5675,5540,5582.10009765625,5599.033365885417,5607.5,5590.566731770834
22.8499755859375,838.1674621582031,813.0324890136719,834.7999877929688,811.9500122070312,825.5999755859375,824.1166585286459,823.375,824.8583170572917
18.79998779296875,367.3399932861328,346.6600067138672,368.8999938964844,350.1000061035156,357,358.6666666666667,359.5,357.83333333333337
6.5,149.97499389648436,142.8249938964844,147,140.5,146.39999389648438,144.63333129882812,143.75,145.51666259765625
25.1500244140625,741.3325134277344,713.6674865722656,731.9000244140625,706.75,727.5,722.0500081380209,719.3250122070312,724.7750040690105
6.650001525878906,68.50749931335449,61.192497634887694,67.4000015258789,60.75,64.8499984741211,64.33333333333333,64.07500076293945,64.5916659037272
12.350006103515625,479.7925033569336,466.2074966430664,479.3500061035156,467,473,473.1166687011719,473.1750030517578,473.05833435058594
570,12650.150390625,12023.150390625,12746.4501953125,12176.4501953125,12336.650390625,12419.850260416666,12461.4501953125,12378.250325520832
22.85003662109375,553.4675445556641,528.3325042724609,541.9000244140625,519.0499877929688,540.9000244140625,533.9500122070312,530.4750061035156,537.4250183105469
12.25,405.68751220703126,392.21251220703124,401.70001220703125,389.45001220703125,398.95001220703125,396.70001220703125,395.57501220703125,397.82501220703125
82.800048828125,1225.5900756835938,1134.5100219726562,1227.800048828125,1145,1180.050048828125,1184.2833658854167,1186.4000244140625,1182.166707356771
31.75,411.4625,376.5375,407,375.25,394,392.0833333333333,391.125,393.04166666666663
4.75,111.16250305175781,105.93750305175782,112.5999984741211,107.8499984741211,108.55000305175781,109.66666666666667,110.2249984741211,109.10833485921225
284.2001953125,5752.210009765625,5439.589794921875,5844.2001953125,5560,5595.89990234375,5666.700032552083,5702.10009765625,5631.299967447916
24,833.7999755859375,807.3999755859375,825,801,820.5999755859375,815.5333251953125,813,818.066650390625
55.550048828125,1337.8525756835938,1276.7475219726562,1352.25,1296.699951171875,1307.300048828125,1318.75,1324.4749755859375,1313.0250244140625
452.2998046875,15460.064697265625,14962.534912109375,15542.2998046875,15090,15211.2998046875,15281.199869791666,15316.14990234375,15246.249837239582
23.5,287.87501220703126,262.02501220703124,283,259.5,274.95001220703125,272.48333740234375,271.25,273.7166748046875
84,3665.399951171875,3572.999951171875,3679,3595,3619.199951171875,3631.066650390625,3637,3625.13330078125
9.350006103515625,161.1425033569336,150.8574966430664,160.75,151.39999389648438,156,156.04999796549478,156.0749969482422,156.02499898274738
22,353.7499938964844,329.54999389648435,347.8999938964844,325.8999938964844,341.6499938964844,338.4833272298177,336.8999938964844,340.066660563151
31.5,782.2750122070313,747.6250122070312,787.6500244140625,756.1500244140625,764.9500122070312,769.5833536783854,771.9000244140625,767.2666829427083
128.10009765625,2661.4550537109376,2520.5449462890624,2598,2469.89990234375,2591,2552.9666341145835,2533.949951171875,2571.983317057292
16.5,326.9250061035156,308.77500610351564,322.5,306,317.8500061035156,315.4500020345052,314.25,316.6500040690104
22.60003662109375,633.6800201416015,608.8199798583985,626.2000122070312,603.5999755859375,621.25,617.0166625976562,614.8999938964844,619.1333312988281
17.29998779296875,522.8649688720703,503.83498229980466,518.7999877929688,501.5,513.3499755859375,511.21665445963544,510.1499938964844,512.2833150227865
11.350006103515625,153.64249725341796,141.1574905395508,152.85000610351562,141.5,147.39999389648438,147.25,147.1750030517578,147.3249969482422
51.699951171875,681.6349853515625,624.7650390625,674.3499755859375,622.6500244140625,653.2000122070312,650.0666707356771,648.5,651.6333414713542
6.5,536.575,529.425,533.5,527,533,531.1666666666666,530.25,532.0833333333333
19.3499755859375,603.8424987792969,582.5575256347656,597,577.6500244140625,593.2000122070312,589.2833455403646,587.3250122070312,591.241678873698
8.25,152.13750610351562,143.06250610351563,149.4499969482422,141.1999969482422,147.60000610351562,146.08333333333334,145.3249969482422,146.8416697184245
76.9000244140625,1401.4450378417969,1316.8550109863281,1388.5,1311.5999755859375,1359.1500244140625,1353.0833333333333,1350.0499877929688,1356.1166788736978
1.4500007629394531,20.997501182556153,19.402500343322753,20.950000762939453,19.5,20.200000762939453,20.21666717529297,20.225000381469727,20.20833396911621
48.95001220703125,1018.9225067138672,965.0774932861328,999,950.0499877929688,992,980.3499959309896,974.5249938964844,986.1749979654949
8.649993896484375,418.80748443603517,409.29249114990233,416.6499938964844,408,414.04998779296875,412.8999938964844,412.3249969482422,413.47499084472656
30.75,588.9125,555.0875,576.4500122070312,545.7000122070312,572,564.7166748046875,561.0750122070312,568.3583374023438
165.0498046875,4405.827197265625,4224.272412109375,4416.0498046875,4251,4315.0498046875,4327.366536458333,4333.52490234375,4321.208170572916
10.5,184.92499389648438,173.37499389648437,183.75,173.25,179.14999389648438,178.71666463216147,178.5,178.93332926432294
22.5,322.9750061035156,298.2250061035156,313.95001220703125,291.45001220703125,310.6000061035156,305.3333435058594,302.70001220703125,307.9666748046875
40.75,634.4125,589.5875,646.75,606,612,621.5833333333334,626.375,616.7916666666667
35.95001220703125,558.2725067138672,518.7274932861328,553.9500122070312,518,538.5,536.8166707356771,535.9750061035156,537.6583353678386
22.300048828125,973.1650512695312,948.6349975585938,967.6500244140625,945.3499755859375,960.9000244140625,957.9666748046875,956.5,959.433349609375
5.75,167.4625030517578,161.13750305175782,166.75,161,164.3000030517578,164.01666768391928,163.875,164.15833536783856
8.699996948242188,151.68499221801758,142.11499557495117,153.8000030517578,145.10000610351562,146.89999389648438,148.6000010172526,149.45000457763672,147.74999745686847
20.25,421.33751220703124,399.06251220703126,422.5,402.25,410.20001220703125,411.65000406901044,412.375,410.92500813802087
175,4067.300048828125,3874.800048828125,4045,3870,3971.050048828125,3962.0166829427085,3957.5,3966.533365885417
47.699951171875,1716.0849487304688,1663.6150024414062,1727.699951171875,1680,1689.8499755859375,1699.1833089192708,1703.8499755859375,1694.516642252604
152.10009765625,2881.6550537109374,2714.3449462890626,2860,2707.89990234375,2798,2788.63330078125,2783.949951171875,2793.316650390625
22.75,700.8624755859375,675.8374755859375,691.75,669,688.3499755859375,683.0333251953125,680.375,685.691650390625
42.9000244140625,899.5950134277343,852.4049865722657,896.9000244140625,854,876,875.6333414713541,875.4500122070312,875.816670735677
49.6500244140625,771.8575012207032,717.2424743652343,776.6500244140625,727,744.5499877929688,749.4000040690104,751.8250122070312,746.9749959309895
14.149993896484375,429.7824966430664,414.2175033569336,429.3999938964844,415.25,422,422.21666463216144,422.3249969482422,422.1083323160807
26.95001220703125,847.8724945068359,818.2274810791016,845,818.0499877929688,833.0499877929688,832.0333251953125,831.5249938964844,832.5416564941406
70.75,901.0124755859375,823.1874755859375,886,815.25,862.0999755859375,854.4499918619791,850.625,858.2749837239583
6.099998474121094,111.6049991607666,104.8950008392334,112.1500015258789,106.05000305175781,108.25,108.81666819254558,109.10000228881836,108.5333340962728
45.54998779296875,752.8524810791016,702.7474945068359,748.7999877929688,703.25,727.7999877929688,726.6166585286459,726.0249938964844,727.2083231608074
16.600006103515625,303.5800155639648,285.3200088500977,299.1499938964844,282.54998779296875,294.45001220703125,292.0499979654948,290.84999084472656,293.25000508626306
10.0999755859375,582.6549621582031,571.5449890136719,581.7999877929688,571.7000122070312,577.0999755859375,576.8666585286459,576.75,576.9833170572917
110.050048828125,1845.5275268554688,1724.4724731445312,1838.050048828125,1728,1785,1783.683349609375,1783.0250244140625,1784.3416748046875
77,1797.150048828125,1712.450048828125,1792,1715,1754.800048828125,1753.933349609375,1753.5,1754.36669921875
11.100006103515625,183.95500946044922,171.74500274658203,181.5,170.39999389648438,177.85000610351562,176.58333333333334,175.9499969482422,177.2166697184245
12.25,192.28750305175782,178.8125030517578,197.8000030517578,185.5500030517578,185.5500030517578,189.63333638509116,191.6750030517578,187.5916697184245
55.79998779296875,998.6899932861328,937.3100067138672,976.7000122070312,920.9000244140625,968,955.2000122070312,948.8000183105469,961.6000061035156
29,569.1000244140625,537.2000244140625,559,530,553.1500244140625,547.3833414713541,544.5,550.2666829427083
1.5,15.625000190734863,13.975000190734864,15.199999809265137,13.699999809265137,14.800000190734863,14.566666603088379,14.449999809265137,14.683333396911621
16.349990844726562,207.49249496459962,189.50750503540038,206.9499969482422,190.60000610351562,198.5,198.68333435058594,198.7750015258789,198.59166717529297
215.39990234375,4319.019750976562,4082.0798583984374,4363,4147.60009765625,4200.5498046875,4237.049967447917,4255.300048828125,4218.799886067709
191.85009765625,4535.517553710937,4324.482446289063,4476.85009765625,4285,4430,4397.283365885417,4380.925048828125,4413.641682942709
180,3260,3062,3290,3110,3161,3187,3200,3174
110,5344.39990234375,5223.39990234375,5345,5235,5283.89990234375,5287.966634114583,5290,5285.933268229166
30.45001220703125,441.09751281738284,407.6024993896484,434.5,404.04998779296875,424.3500061035156,420.96666463216144,419.2749938964844,422.6583353678385
6.649993896484375,112.90749664306641,105.59250335693359,114.94999694824219,108.30000305175781,109.25,110.83333333333333,111.625,110.04166666666666
13.04998779296875,286.0274993896484,271.6725128173828,283.3999938964844,270.3500061035156,278.8500061035156,277.53333536783856,276.875,278.1916707356771
7,77.04999694824218,69.3499969482422,73.55000305175781,66.55000305175781,73.19999694824219,71.10000101725261,70.05000305175781,72.1499989827474
70.800048828125,2746.4900756835937,2668.6100219726563,2715,2644.199951171875,2707.550048828125,2688.9166666666665,2679.5999755859375,2698.2333577473955
6.899993896484375,213.34499969482422,205.7550064086914,212,205.10000610351562,209.5500030517578,208.88333638509116,208.5500030517578,209.2166697184245
27.8499755859375,558.0174987792968,527.3825256347657,555.2999877929688,527.4500122070312,542.7000122070312,541.8166707356771,541.375,542.2583414713542
60.800048828125,1604.9400268554687,1538.0599731445313,1591.1500244140625,1530.3499755859375,1571.5,1564.3333333333333,1560.75,1567.9166666666665
2.75,82.5125,79.4875,83.25,80.5,81,81.58333333333333,81.875,81.29166666666666
3.1999969482421875,93.65999984741211,90.1400032043457,94.5,91.30000305175781,91.9000015258789,92.56666819254558,92.9000015258789,92.23333485921225
31.6500244140625,728.8575256347656,694.0424987792969,714,682.3499755859375,711.4500122070312,702.5999959309896,698.1749877929688,707.0250040690105
44.89990234375,1199.6949462890625,1150.3050537109375,1176.449951171875,1131.550048828125,1175,1161,1154,1168
7.4499969482421875,189.89750137329102,181.7025047302246,189.3000030517578,181.85000610351562,185.8000030517578,185.6500040690104,185.57500457763672,185.7250035603841
17.600006103515625,356.47999114990233,337.11998443603517,358.1499938964844,340.54998779296875,346.79998779296875,348.49998982747394,349.34999084472656,347.6499888102213
4.599998474121094,86.43000068664551,81.3700023651123,85.9000015258789,81.30000305175781,83.9000015258789,83.7000020345052,83.60000228881836,83.80000178019205
95.800048828125,2878.7901245117187,2773.4100708007813,2886.800048828125,2791,2826.10009765625,2834.6333821614585,2838.9000244140625,2830.3667399088545
35.45001220703125,497.4975067138672,458.5024932861328,491.45001220703125,456,478,475.15000406901044,473.7250061035156,476.57500203450525
9.149993896484375,174.38250274658202,164.31750946044923,171.89999389648438,162.75,169.35000610351562,168,167.3249969482422,168.6750030517578
12.349990844726562,170.94248886108397,157.35749893188478,167.6999969482422,155.35000610351562,164.14999389648438,162.3999989827474,161.5250015258789,163.2749964396159
9.649993896484375,236.3574996948242,225.7425064086914,237,227.35000610351562,231.0500030517578,231.8000030517578,232.1750030517578,231.4250030517578
1.4000005722045898,10.919999933242797,9.37999930381775,10.300000190734863,8.899999618530273,10.149999618530273,9.78333314259847,9.599999904632568,9.966666380564373
4.349998474121094,66.59249610900879,61.80749778747558,66.69999694824219,62.349998474121094,64.19999694824219,64.41666412353516,64.52499771118164,64.30833053588867
9.050003051757812,160.37749557495118,150.42249221801757,161.6999969482422,152.64999389648438,155.39999389648438,156.5833282470703,157.17499542236328,155.99166107177734
33.54998779296875,365.4025054931641,328.4975189208984,354.04998779296875,320.5,346.95001220703125,340.5,337.2749938964844,343.7250061035156
183.10009765625,4626.555151367187,4425.145043945313,4638.10009765625,4455,4525.85009765625,4539.650065104167,4546.550048828125,4532.750081380209
1.75,29.16250076293945,27.237500762939455,29.149999618530273,27.399999618530273,28.200000762939453,28.25,28.274999618530273,28.225000381469727
66.900146484375,3046.8451293945313,2973.2549682617187,3044.050048828125,2977.14990234375,3010.050048828125,3010.4166666666665,3010.5999755859375,3010.2333577473955
7.9499969482421875,198.5724952697754,189.82749862670897,200.6999969482422,192.75,194.1999969482422,195.88333129882812,196.7249984741211,195.04166412353516
102.75,3121.312548828125,3008.287548828125,3087.949951171875,2985.199951171875,3064.800048828125,3045.9833170572915,3036.574951171875,3055.391682942708
16.04998779296875,210.527490234375,192.87250366210938,207.39999389648438,191.35000610351562,201.6999969482422,200.1499989827474,199.375,200.9249979654948
139.89990234375,5676.0948486328125,5522.2049560546875,5709.89990234375,5570,5599.14990234375,5626.349934895833,5639.949951171875,5612.749918619791
56.9000244140625,1548.4949645996094,1485.9049377441406,1558,1501.0999755859375,1517.199951171875,1525.4333089192708,1529.5499877929688,1521.3166300455728
21.1500244140625,652.9325012207031,629.6674743652344,647.1500244140625,626,641.2999877929688,638.1500040690104,636.5750122070312,639.7249959309895
25.3499755859375,923.9424865722656,896.0575134277344,929.3499755859375,904,910,914.4499918619791,916.6749877929688,912.2249959309895
21.20001220703125,566.6600067138672,543.3399932861328,565.75,544.5499877929688,555,555.0999959309896,555.1499938964844,555.0499979654949
33.1500244140625,911.1825256347656,874.7174987792969,913.1500244140625,880,892.9500122070312,895.3666788736979,896.5750122070312,894.1583455403645
23.20001220703125,550.4100311279296,524.8900177001954,544.4000244140625,521.2000122070312,537.6500244140625,534.4166870117188,532.8000183105469,536.0333557128906
72.6500244140625,1427.0574890136718,1347.1424621582032,1404,1331.3499755859375,1387.0999755859375,1374.1499837239583,1367.6749877929688,1380.6249796549478
11.54998779296875,317.15248107910156,304.44749450683594,320,308.45001220703125,310.79998779296875,313.0833333333333,314.2250061035156,311.941660563151
113.20001220703125,666.7600067138671,542.2399932861329,677.9500122070312,564.75,604.5,615.7333374023438,621.3500061035156,610.1166687011719
69.0999755859375,1524.8050354003906,1448.7950622558594,1489.1500244140625,1420.050048828125,1486.800048828125,1465.3333740234375,1454.6000366210938,1476.0667114257812
8.850006103515625,408.3675033569336,398.6324966430664,410.8500061035156,402,403.5,405.4500020345052,406.4250030517578,404.47500101725257
20.300003051757812,168.1650016784668,145.8349983215332,168.35000610351562,148.0500030517578,157,157.8000030517578,158.20000457763672,157.4000015258789
28.5,1170.175,1138.825,1168.949951171875,1140.449951171875,1154.5,1154.63330078125,1154.699951171875,1154.566650390625
15.5,416.42499389648435,399.3749938964844,413,397.5,407.8999938964844,406.1333312988281,405.25,407.01666259765625
11.300003051757812,171.86499557495117,159.43499221801758,170,158.6999969482422,165.64999389648438,164.78333028157553,164.3499984741211,165.21666208902997
137.9000244140625,1230.8450134277343,1079.1549865722657,1238,1100.0999755859375,1155,1164.3666585286458,1169.0499877929688,1159.6833292643228
36.5,678.1249877929688,637.9749877929687,672.5,636,658.0499877929688,655.5166625976562,654.25,656.7833251953125
16.70001220703125,368.13501892089846,349.76500549316404,367.70001220703125,351,358.95001220703125,359.2166748046875,359.3500061035156,359.0833435058594
8.149993896484375,114.8324951171875,105.86750183105468,114.69999694824219,106.55000305175781,110.3499984741211,110.53333282470703,110.625,110.44166564941406
7.349998474121094,120.49249610900878,112.40749778747559,119.8499984741211,112.5,116.44999694824219,116.26666514078777,116.17499923706055,116.35833104451498
17.5,334.875,315.625,329.1499938964844,311.6499938964844,325.25,322.01666259765625,320.3999938964844,323.6333312988281
16.5999755859375,699.8299987792968,681.5700256347657,699.7999877929688,683.2000122070312,690.7000122070312,691.2333374023438,691.5,690.9666748046875
269.449951171875,2213.097375488281,1916.7024291992188,2195,1925.550048828125,2064.89990234375,2061.816650390625,2060.2750244140625,2063.3582763671875
26.4000244140625,989.7700134277344,960.7299865722656,996.7000122070312,970.2999877929688,975.25,980.75,983.5,978
109,3004.95,2885.05,3029,2920,2945,2964.6666666666665,2974.5,2954.833333333333
32.800048828125,1505.4899780273438,1469.4099243164062,1487.800048828125,1455,1487.449951171875,1476.75,1471.4000244140625,1482.0999755859375
18.20001220703125,720.9100311279296,700.8900177001954,711,692.7999877929688,710.9000244140625,704.9000040690104,701.8999938964844,707.9000142415364
4.3000030517578125,55.2650032043457,50.53499984741211,54.400001525878906,50.099998474121094,52.900001525878906,52.46666717529297,52.25,52.68333435058594
52.95001220703125,928.5225311279297,870.2775177001953,934.4000244140625,881.4500122070312,899.4000244140625,905.0833536783854,907.9250183105469,902.2416890462239
41.10003662109375,917.3050323486328,872.0949920654297,923.6500244140625,882.5499877929688,894.7000122070312,900.3000081380209,903.1000061035156,897.5000101725261
31.1500244140625,1018.1325134277344,983.8674865722656,1008.5,977.3499755859375,1001,995.6166585286459,992.9249877929688,998.308329264323
9.899993896484375,264.54500274658204,253.6550094604492,259.8999938964844,250,259.1000061035156,256.3333333333333,254.9499969482422,257.71666971842444
7.899993896484375,144.54499359130858,135.8550003051758,144.89999389648438,137,140.1999969482422,140.6999969482422,140.9499969482422,140.4499969482422
73.550048828125,2942.452526855469,2861.547473144531,2925.550048828125,2852,2902,2893.183349609375,2888.7750244140625,2897.5916748046875
5.5,59.425001525878905,53.37500152587891,59.599998474121094,54.099998474121094,56.400001525878906,56.699999491373696,56.849998474121094,56.5500005086263
13.300018310546875,379.3150100708008,364.6849899291992,373.3500061035156,360.04998779296875,372,368.46666463216144,366.6999969482422,370.2333323160807
40.699951171875,1038.8349853515624,994.0650390625,1037.699951171875,997,1016.4500122070312,1017.0499877929688,1017.3499755859375,1016.75
9.899993896484375,149.44499664306642,138.55500335693358,151.25,141.35000610351562,144,145.53333536783853,146.3000030517578,144.76666768391925
17.25,305.2375,286.2625,310.25,293,295.75,299.6666666666667,301.625,297.70833333333337
91.699951171875,2540.6849731445313,2439.8150268554687,2496.699951171875,2405,2490.25,2463.9833170572915,2450.8499755859375,2477.1166585286455
8.449981689453125,333.54748382568357,324.2525039672852,332.04998779296875,323.6000061035156,328.8999938964844,328.18332926432294,327.8249969482422,328.5416615804037
1083.796875,41423.0375,40230.8609375,41308.8984375,40225.1015625,40826.94921875,40786.983072916664,40767,40806.96614583333
2.8499984741210938,52.167497634887695,49.03249931335449,51.849998474121094,49,50.599998474121094,50.48333231608073,50.42499923706055,50.54166539510091
53.150146484375,2525.2325805664063,2466.7674194335937,2506.300048828125,2453.14990234375,2496,2485.1499837239585,2479.7249755859375,2490.5749918619795
8.75,296.1625061035156,286.5375061035156,298.70001220703125,289.95001220703125,291.3500061035156,293.3333435058594,294.32501220703125,292.3416748046875
15.75,642.9125,625.5875,636.5999755859375,620.8499755859375,634.25,630.566650390625,628.7249755859375,632.4083251953125
54.5,1563.975,1504.025,1541.0999755859375,1486.5999755859375,1534,1520.566650390625,1513.8499755859375,1527.2833251953125
20.70001220703125,591.3850067138671,568.6149932861329,596.9500122070312,576.25,580,584.4000040690104,586.6000061035156,582.2000020345051
34,657.9999877929688,620.5999877929687,649,615,639.2999877929688,634.4333292643229,632,636.8666585286458
1.9500007629394531,38.672498893737796,36.52749805450439,38.650001525878906,36.70000076293945,37.599998474121094,37.65000025431315,37.67500114440918,37.62499936421712
3.3500022888183594,59.44249973297119,55.757497215270995,58.45000076293945,55.099998474121094,57.599998474121094,57.04999923706055,56.77499961853027,57.32499885559082
2,54.85,52.65,55,53,53.75,53.916666666666664,54,53.83333333333333
89.7999267578125,1104.2399353027345,1005.4600158691406,1106.449951171875,1016.6500244140625,1054.8499755859375,1059.316650390625,1061.5499877929688,1057.0833129882812
23.949996948242188,268.1224952697754,241.777498626709,261,237.0500030517578,254.9499969482422,251,249.0250015258789,252.9749984741211
68.949951171875,1164.2724487304688,1088.4275024414062,1170,1101.050048828125,1126.3499755859375,1132.4666748046875,1135.5250244140625,1129.4083251953125
32.800048828125,640.0400268554688,603.9599731445312,635.9000244140625,603.0999755859375,622,620.3333333333334,619.5,621.1666666666667
12.150009155273438,152.08249893188477,138.71748886108398,147.8000030517578,135.64999389648438,145.39999389648438,142.9499969482422,141.7249984741211,144.17499542236328
1.9000015258789062,47.1950023651123,45.10500068664551,47.400001525878906,45.5,46.150001525878906,46.3500010172526,46.45000076293945,46.25000127156575
3.850006103515625,206.9675094604492,202.73250274658204,206.35000610351562,202.5,204.85000610351562,204.5666707356771,204.4250030517578,204.70833841959637
9.550003051757812,132.6525032043457,122.1474998474121,133.60000610351562,124.05000305175781,127.4000015258789,128.35000356038412,128.82500457763672,127.87500254313153
14.25,202.98749389648438,187.31249389648437,196.89999389648438,182.64999389648438,195.14999389648438,191.56666056315103,189.77499389648438,193.3583272298177
20.399993896484375,291.820002746582,269.38000946044923,288.79998779296875,268.3999938964844,280.6000061035156,279.26666259765625,278.59999084472656,279.93333435058594
10.75,114.4625030517578,102.63750305175782,111.30000305175781,100.55000305175781,108.55000305175781,106.80000305175781,105.92500305175781,107.67500305175781
249.10009765625,7417.554858398437,7143.544750976563,7320,7070.89990234375,7280.5498046875,7223.816569010417,7195.449951171875,7252.183186848959
9,145.59999389648436,135.6999938964844,142.5,133.5,140.64999389648438,138.88333129882812,138,139.76666259765625
23.75,391.86248779296875,365.73748779296875,379.5,355.75,378.79998779296875,371.34999593098956,367.625,375.07499186197913
12.100006103515625,140.6550033569336,127.34499664306641,137.10000610351562,125,134,132.03333536783853,131.0500030517578,133.01666768391925
4.1999969482421875,115.1599967956543,110.5400001525879,115.25,111.05000305175781,112.8499984741211,113.0500005086263,113.1500015258789,112.94999949137369
1.2000007629394531,20.360001182556154,19.040000343322752,20.450000762939453,19.25,19.700000762939453,19.8000005086263,19.850000381469727,19.750000635782875
91.050048828125,2061.777478027344,1961.6224243164063,2070.25,1979.199951171875,2011.699951171875,2020.38330078125,2024.7249755859375,2016.0416259765625
9.75,174.46250610351564,163.7375061035156,172.75,163,169.10000610351562,168.28333536783853,167.875,168.69167073567706
22,419.35,395.15,419.1499938964844,397.1499938964844,407.25,407.84999593098956,408.1499938964844,407.54999796549475
18.04998779296875,541.8775054931641,522.0225189208984,541.7000122070312,523.6500244140625,531.9500122070312,532.433349609375,532.6750183105469,532.1916809082031
10.350006103515625,251.54250946044922,240.15750274658203,248.35000610351562,238,245.85000610351562,244.0666707356771,243.1750030517578,244.95833841959637
39.70001220703125,1020.8849945068359,977.2149810791016,999.75,960.0499877929688,999.0499877929688,986.2833251953125,979.8999938964844,992.6666564941406
2.0999984741210938,51.85499992370605,49.54500160217285,51,48.900001525878906,50.70000076293945,50.20000076293945,49.95000076293945,50.45000076293945
206,5098.3,4871.7,5047.5498046875,4841.5498046875,4985,4958.033203125,4944.5498046875,4971.5166015625
28.25,1518.837548828125,1487.762548828125,1515.75,1487.5,1503.300048828125,1502.183349609375,1501.625,1502.74169921875
45.79998779296875,976.7899688720703,926.4099822998047,971,925.2000122070312,951.5999755859375,949.2666625976562,948.1000061035156,950.4333190917969
14.149993896484375,316.632502746582,301.06750946044923,318.1499938964844,304,308.8500061035156,310.3333333333333,311.0749969482422,309.59166971842444
59.95001220703125,773.9725067138672,708.0274932861328,774.9500122070312,715,741,743.6500040690104,744.9750061035156,742.3250020345051
51.1500244140625,1730.8324645996095,1674.5674377441405,1716.25,1665.0999755859375,1702.699951171875,1694.6833089192708,1690.6749877929688,1698.6916300455728
74.6500244140625,2033.907489013672,1951.792462158203,2038.75,1964.0999755859375,1992.8499755859375,1998.566650390625,2001.4249877929688,1995.7083129882812
24.1500244140625,1544.1825378417968,1517.6175109863282,1536.5999755859375,1512.449951171875,1530.9000244140625,1526.6499837239583,1524.5249633789062,1528.7750040690103
56.5,2855.575,2793.425,2865,2808.5,2824.5,2832.6666666666665,2836.75,2828.583333333333
29.5,586.0249877929688,553.5749877929687,592.8499755859375,563.3499755859375,569.7999877929688,575.3333129882812,578.0999755859375,572.566650390625
12.649993896484375,177.35749053955078,163.44249725341797,173.14999389648438,160.5,170.39999389648438,168.01666259765625,166.8249969482422,169.2083282470703
19.099990844726562,162.15498886108398,141.14499893188477,156.39999389648438,137.3000030517578,151.64999389648438,148.4499969482422,146.8499984741211,150.04999542236328
6.0500030517578125,97.87750473022462,91.22250137329101,99.55000305175781,93.5,94.55000305175781,95.86666870117188,96.5250015258789,95.20833587646484
16.800003051757812,167.18999862670898,148.7099952697754,162.35000610351562,145.5500030517578,157.9499969482422,155.28333536783853,153.95000457763672,156.61666615804035
40.14996337890625,692.6824554443359,648.5174957275391,696.2999877929688,656.1500244140625,670.5999755859375,674.3499959309896,676.2250061035156,672.4749857584636
6.5500030517578125,110.20250015258789,102.9974967956543,109.55000305175781,103,106.5999984741211,106.38333384195964,106.2750015258789,106.49166615804037
4.5,87.57499847412109,82.6249984741211,86.5,82,85.0999984741211,84.53333282470703,84.25,84.81666564941406
6.100006103515625,105.6550064086914,98.94499969482422,107.55000305175781,101.44999694824219,102.30000305175781,103.76666768391927,104.5,103.03333536783853
14.949996948242188,189.77250137329102,173.3275047302246,187.4499969482422,172.5,181.5500030517578,180.5,179.9749984741211,181.0250015258789
8.799995422363281,100.9399959564209,91.26000099182129,99.3499984741211,90.55000305175781,96.0999984741211,95.33333333333333,94.95000076293945,95.7166659037272
30,408.25,375.25,395,365,391.75,383.9166666666667,380,387.83333333333337
68.550048828125,2289.802624511719,2214.397570800781,2284.550048828125,2216,2252.10009765625,2250.8833821614585,2250.2750244140625,2251.4917399088545
108.39990234375,3355.6199462890627,3236.3800537109373,3309.449951171875,3201.050048828125,3296,3268.8333333333335,3255.25,3282.416666666667
85.25,1072.937548828125,979.162548828125,1066.75,981.5,1026.050048828125,1024.7666829427083,1024.125,1025.4083658854165
6.0999908447265625,157.25498886108397,150.54499893188478,157.4499969482422,151.35000610351562,153.89999389648438,154.23333231608072,154.4000015258789,154.06666310628253
69.949951171875,1573.0225219726562,1496.0775756835938,1559.949951171875,1490,1534.550048828125,1528.1666666666667,1524.9749755859375,1531.358357747396
46.699951171875,727.7849487304687,676.4150024414063,709.3499755859375,662.6500244140625,702.0999755859375,691.3666585286459,686,696.7333170572917
12.350006103515625,229.7925033569336,216.2074966430664,228.5500030517578,216.1999969482422,223,222.58333333333334,222.375,222.79166666666669
20.050003051757812,248.0275016784668,225.9724983215332,243.6999969482422,223.64999389648438,237,234.78333028157553,233.67499542236328,235.89166514078778
12.349990844726562,236.24249191284179,222.6575019836426,234.89999389648438,222.5500030517578,229.4499969482422,228.96666463216147,228.7249984741211,229.20833079020184
48.8499755859375,972.1174865722656,918.3825134277344,984.75,935.9000244140625,945.25,955.3000081380209,960.3250122070312,950.2750040690105
37.550048828125,983.1525268554688,941.8474731445312,987.6500244140625,950.0999755859375,962.5,966.75,968.875,964.625
14.149993896484375,430.73250885009764,415.16751556396486,431.79998779296875,417.6499938964844,422.95001220703125,424.1333312988281,424.72499084472656,423.5416717529297
17.85003662109375,585.8175201416016,566.1824798583984,577.9500122070312,560.0999755859375,576,571.3499959309896,569.0249938964844,573.6749979654949
2.6499977111816406,52.90749950408936,49.99250202178955,51.79999923706055,49.150001525878906,51.45000076293945,50.800000508626304,50.47500038146973,51.12500063578288
51.1500244140625,762.3825134277344,706.1174865722656,737.25,686.0999755859375,734.25,719.1999918619791,711.6749877929688,726.7249959309895
20.45001220703125,426.79749450683596,404.30248107910154,428.75,408.29998779296875,415.54998779296875,417.5333251953125,418.5249938964844,416.5416564941406
43.0999755859375,1784.1549377441406,1736.7449645996094,1776.6500244140625,1733.550048828125,1760.449951171875,1756.8833414713542,1755.1000366210938,1758.6666463216147
5.9499969482421875,95.1224967956543,88.57750015258789,94.94999694824219,89,91.8499984741211,91.93333180745442,91.9749984741211,91.89166514078775
139.75,2871.46259765625,2717.73759765625,2874,2734.25,2794.60009765625,2800.9500325520835,2804.125,2797.775065104167
27.100006103515625,485.35501556396486,455.54500885009764,486.1000061035156,459,470.45001220703125,471.8500061035156,472.5500030517578,471.15000915527344
15.95001220703125,287.67250061035156,270.1274871826172,288,272.04998779296875,278.8999938964844,279.6499938964844,280.0249938964844,279.2749938964844
389.7998046875,6614.340087890625,6185.560302734375,6510.7998046875,6121,6399.9501953125,6343.916666666667,6315.89990234375,6371.933430989584
231.25,4217.1875,3962.8125,4231.39990234375,4000.14990234375,4090,4107.183268229167,4115.77490234375,4098.591634114584
30.2999267578125,1492.6649597167968,1459.3350402832032,1490.449951171875,1460.1500244140625,1476,1475.5333251953125,1475.2999877929688,1475.7666625976562
27.70001220703125,607.2350067138672,576.7649932861328,618,590.2999877929688,592,600.0999959309896,604.1499938964844,596.0499979654949
2.299999237060547,42.66500110626221,40.1350019454956,42.29999923706055,40,41.400001525878906,41.233333587646484,41.14999961853027,41.316667556762695
72.4500732421875,1594.8475402832032,1515.1524597167968,1599.4000244140625,1526.949951171875,1555,1560.4499918619792,1563.1749877929688,1557.7249959309897
31.4500732421875,1175.097589111328,1140.502508544922,1172.550048828125,1141.0999755859375,1157.800048828125,1157.1500244140625,1156.8250122070312,1157.4750366210938
185,3508.449951171875,3304.949951171875,3475,3290,3406.699951171875,3390.566650390625,3382.5,3398.63330078125
34.6500244140625,876.1075012207032,837.9924743652343,868,833.3499755859375,857.0499877929688,852.7999877929688,850.6749877929688,854.9249877929688
6.399997711181641,60.369997215271,53.32999973297119,59.599998474121094,53.20000076293945,56.849998474121094,56.54999923706055,56.39999961853027,56.69999885559082
12.699996948242188,193.4849983215332,179.5150016784668,188,175.3000030517578,186.5,183.26666768391928,181.6500015258789,184.88333384195965
2647.3515625,84100.144921875,81188.058203125,83147.3515625,80500,82644.1015625,82097.15104166667,81823.67578125,82370.62630208334
94.449951171875,1242.1474243164062,1138.2524780273438,1254.949951171875,1160.5,1190.199951171875,1201.88330078125,1207.7249755859375,1196.0416259765625
113.949951171875,3752.622424316406,3627.277478027344,3775,3661.050048828125,3689.949951171875,3708.6666666666665,3718.0250244140625,3699.3083089192705
22.100006103515625,317.75500946044923,293.445002746582,322.75,300.6499938964844,305.6000061035156,309.6666666666667,311.6999969482422,307.6333363850912
9.75,164.2624938964844,153.53749389648436,164,154.25,158.89999389648438,159.04999796549478,159.125,158.97499593098956
35.85003662109375,803.7175201416015,764.2824798583985,808.9500122070312,773.0999755859375,784,788.6833292643229,791.0249938964844,786.3416646321614
7.9499969482421875,222.37249832153321,213.62750167846679,219.64999389648438,211.6999969482422,218,216.4499969482422,215.67499542236328,217.2249984741211
14.45001220703125,258.0975006103516,242.20248718261718,256.45001220703125,242,250.14999389648438,249.53333536783853,249.22500610351562,249.84166463216144
29.85003662109375,590.1175323486328,557.2824920654297,596.9000244140625,567.0499877929688,573.7000122070312,579.2166748046875,581.9750061035156,576.4583435058594
5.350006103515625,162.79250946044922,156.90750274658203,162.35000610351562,157,159.85000610351562,159.73333740234375,159.6750030517578,159.7916717529297
3.1500015258789062,53.33249931335449,49.8674976348877,53.5,50.349998474121094,51.599998474121094,51.81666564941406,51.92499923706055,51.70833206176758
15.500030517578125,530.025016784668,512.974983215332,524.9000244140625,509.3999938964844,521.5,518.6000061035156,517.1500091552734,520.0500030517578
164,7049.55009765625,6869.15009765625,6985,6821,6959.35009765625,6921.783365885417,6903,6940.566731770834
48.5,1007.6250122070312,954.2750122070313,1017.5,969,980.9500122070312,989.1500040690104,993.25,985.0500081380208
11.699996948242188,256.4349983215332,243.56500167846679,251.9499969482422,240.25,250,247.3999989827474,246.0999984741211,248.69999949137372
12.899993896484375,260.195002746582,246.00500946044923,258.6499938964844,245.75,253.10000610351562,252.5,252.1999969482422,252.8000030517578
117.099853515625,2826.154919433594,2697.345080566406,2795.89990234375,2678.800048828125,2761.75,2745.4833170572915,2737.3499755859375,2753.6166585286455
99.89990234375,2529.7449951171875,2419.8551025390625,2525,2425.10009765625,2474.800048828125,2474.9667154947915,2475.050048828125,2474.883382161458
8.850006103515625,133.1675064086914,123.43249969482422,135.3000030517578,126.44999694824219,128.3000030517578,130.01666768391928,130.875,129.15833536783856
69,705.7,629.8,670,601,667.75,646.25,635.5,657
11.550003051757812,208.302498626709,195.59749526977538,208.10000610351562,196.5500030517578,201.9499969482422,202.20000203450522,202.32500457763672,202.07499949137372
14.25,245.3375,229.6625,242.0500030517578,227.8000030517578,237.5,235.78333536783853,234.9250030517578,236.64166768391925
45.29998779296875,825.0149688720703,775.1849822998047,818,772.7000122070312,800.0999755859375,796.9333292643229,795.3500061035156,798.5166524251301
106.2000732421875,2096.910040283203,1980.0899597167968,2099.800048828125,1993.5999755859375,2038.5,2043.9666748046875,2046.7000122070312,2041.2333374023438
31.9000244140625,1511.5450134277344,1476.4549865722656,1503.9000244140625,1472,1494,1489.9666748046875,1487.9500122070312,1491.9833374023438
40.8499755859375,1494.8675109863282,1449.9325378417968,1487.449951171875,1446.5999755859375,1472.4000244140625,1468.816650390625,1467.0249633789062,1470.6083374023438
53.949951171875,1128.6224243164063,1069.2774780273437,1100,1046.050048828125,1098.949951171875,1081.6666666666667,1073.0250244140625,1090.308308919271
4.599998474121094,57.07999839782715,52.02000007629395,56.599998474121094,52,54.54999923706055,54.38333257039388,54.29999923706055,54.46666590372722
6.700004577636719,88.0850040435791,80.71499900817871,85.80000305175781,79.0999984741211,84.4000015258789,83.10000101725261,82.45000076293945,83.75000127156576
25.25,570.8375122070313,543.0625122070312,568.25,543,556.9500122070312,556.0666707356771,555.625,556.5083414713542
0.7999992370605469,27.089999198913574,26.210000038146973,26.799999237060547,26,26.649999618530273,26.483332951863606,26.399999618530273,26.566666285196938
3.8999977111816406,63.244997215271,58.95499973297119,62.79999923706055,58.900001525878906,61.099998474121094,60.93333307902018,60.85000038146973,61.01666577657063
9.20001220703125,183.26000366210937,173.139990234375,180.85000610351562,171.64999389648438,178.1999969482422,176.8999989827474,176.25,177.5499979654948
17.25,219.6374938964844,200.66249389648436,219.89999389648438,202.64999389648438,210.14999389648438,210.89999389648438,211.27499389648438,210.52499389648438
5.099998474121094,116.50499610900879,110.89499778747559,118.0999984741211,113,113.69999694824219,114.93333180745442,115.54999923706055,114.3166643778483
24.949981689453125,472.4225021362305,444.977522277832,469.1499938964844,444.20001220703125,458.70001220703125,457.3500061035156,456.6750030517578,458.02500915527344
3.6999969482421875,69.78499832153321,65.71500167846679,68.75,65.05000305175781,67.75,67.18333435058594,66.9000015258789,67.46666717529297
3.8499984741210938,68.81749610900879,64.58249778747559,68.5,64.6500015258789,66.69999694824219,66.61666615804036,66.57500076293945,66.65833155314127
132.89990234375,3423.0949462890626,3276.9050537109374,3408.75,3275.85009765625,3350,3344.86669921875,3342.300048828125,3347.433349609375
488.55078125,17883.7029296875,17346.2970703125,18088.55078125,17600,17615,17767.850260416668,17844.275390625,17691.425130208336
4.75,54.412499237060544,49.18749923706055,53.75,49,51.79999923706055,51.516666412353516,51.375,51.65833282470703
64.300048828125,2259.115026855469,2188.384973144531,2234.800048828125,2170.5,2223.75,2209.683349609375,2202.6500244140625,2216.7166748046875
12.399993896484375,363.4699905395508,349.82999725341796,362.6000061035156,350.20001220703125,356.6499938964844,356.48333740234375,356.40000915527344,356.56666564941406
35,636.5999755859375,598.0999755859375,640,605,617.3499755859375,620.7833251953125,622.5,619.066650390625
5.549995422363281,123.85250053405761,117.74750556945801,124.44999694824219,118.9000015258789,120.80000305175781,121.38333384195964,121.67499923706055,121.09166844685873
5.649993896484375,151.1074966430664,144.8925033569336,149.64999389648438,144,148,147.21666463216147,146.8249969482422,147.60833231608075
144.699951171875,3619.5849731445314,3460.4150268554686,3669,3524.300048828125,3540,3577.7666829427085,3596.6500244140625,3558.8833414713545
17.45001220703125,330.24750061035155,311.0524871826172,332.45001220703125,315,320.6499938964844,322.7000020345052,323.7250061035156,321.67499796549475
22.550018310546875,324.602522277832,299.7975021362305,315.70001220703125,293.1499938964844,312.20001220703125,307.0166727701823,304.4250030517578,309.6083424886068
98.099853515625,2907.1548706054687,2799.2450317382813,2874.89990234375,2776.800048828125,2853.199951171875,2834.9666341145835,2825.8499755859375,2844.0832926432295
63.75,776.9124755859375,706.7874755859375,784.7999877929688,721.0499877929688,741.8499755859375,749.2333170572916,752.9249877929688,745.5416463216145
15.100006103515625,256.9050094604492,240.29500274658204,254.10000610351562,239,248.60000610351562,247.23333740234375,246.5500030517578,247.9166717529297
67.699951171875,1455.1849243164063,1380.7149780273437,1431.3499755859375,1363.6500244140625,1417.949951171875,1404.316650390625,1397.5,1411.13330078125
594.94921875,30127.7220703125,29473.2779296875,30020,29425.05078125,29800.5,29748.516927083332,29722.525390625,29774.508463541664
81.89990234375,2585.0449462890624,2494.9550537109376,2586.89990234375,2505,2540,2543.9666341145835,2545.949951171875,2541.983317057292
5.3000030517578125,229.31499557495118,223.48499221801757,230,224.6999969482422,226.39999389648438,227.03333028157553,227.3499984741211,226.71666208902997
79.14990234375,5446.782446289062,5359.717553710938,5459.14990234375,5380,5403.25,5414.13330078125,5419.574951171875,5408.691650390625
14.800003051757812,230.1400016784668,213.8599983215332,232,217.1999969482422,222,223.73333231608072,224.5999984741211,222.86666615804035
34.95001220703125,819.2225067138672,780.7774932861328,824.7000122070312,789.75,800,804.8166707356771,807.2250061035156,802.4083353678386
61.800048828125,2159.389929199219,2091.409875488281,2156.60009765625,2094.800048828125,2125.39990234375,2125.6000162760415,2125.7000732421875,2125.4999593098955
135,2310.75,2162.25,2255,2120,2236.5,2203.8333333333335,2187.5,2220.166666666667
42.5999755859375,923.4299865722656,876.5700134277344,915,872.4000244140625,900,895.8000081380209,893.7000122070312,897.9000040690105
48.5999755859375,1963.0300354003907,1909.5700622558593,1950,1901.4000244140625,1936.300048828125,1929.2333577473958,1925.7000122070312,1932.7667032877603
96.7000732421875,1324.0850646972656,1217.7149841308594,1332.1500244140625,1235.449951171875,1270.9000244140625,1279.5,1283.7999877929688,1275.2000122070312
4.75,127.2625015258789,122.03750152587891,127.8499984741211,123.0999984741211,124.6500015258789,125.1999994913737,125.4749984741211,124.92500050862631
13.899993896484375,241.6449966430664,226.3550033569336,244,230.10000610351562,234,236.03333536783853,237.0500030517578,235.01666768391925
9.600006103515625,287.32999114990236,276.76998443603514,283.6000061035156,274,282.04998779296875,279.8833312988281,278.8000030517578,280.96665954589844
58.04998779296875,730.8275177001954,666.9725311279296,705,646.9500122070312,698.9000244140625,683.6166788736979,675.9750061035156,691.2583516438801
7,132.49999389648437,124.79999389648438,132,125,128.64999389648438,128.54999796549478,128.5,128.59999593098956
156,5977.8,5806.2,5897,5741,5892,5843.333333333333,5819,5867.666666666666
460.599609375,13633.32978515625,13126.67021484375,13466.849609375,13006.25,13380,13284.366536458334,13236.5498046875,13332.183268229168
2.6000022888183594,41.88000202178955,39.019999504089355,41.650001525878906,39.04999923706055,40.45000076293945,40.38333384195963,40.35000038146973,40.41666730244954
74.5999755859375,910.2799865722657,828.2200134277343,876.7999877929688,802.2000122070312,869.25,849.4166666666666,839.5,859.3333333333333
9.899993896484375,212.19499664306642,201.30500335693358,211.1999969482422,201.3000030517578,206.75,206.41666666666666,206.25,206.58333333333331
7,150.9000030517578,143.20000305175782,152,145,147.0500030517578,148.01666768391928,148.5,147.53333536783856
9.25,269.6875061035156,259.51250610351565,270,260.75,264.6000061035156,265.1166687011719,265.375,264.85833740234375
48.29998779296875,815.3649810791015,762.234994506836,794.75,746.4500122070312,788.7999877929688,776.6666666666666,770.6000061035156,782.7333272298176
1.6499977111816406,32.25749912261963,30.442501640319826,32.099998474121094,30.450000762939453,31.350000381469727,31.299999872843426,31.274999618530273,31.325000127156578
18.050003051757812,201.7275047302246,181.87250137329102,200.85000610351562,182.8000030517578,191.8000030517578,191.8166707356771,191.82500457763672,191.80833689371747
51.79998779296875,638.4899932861329,581.5100067138671,619,567.2000122070312,610,598.7333374023438,593.1000061035156,604.3666687011719
26.79998779296875,359.3899871826172,329.9100006103516,362,335.20001220703125,344.6499938964844,347.28333536783856,348.6000061035156,345.9666646321615
4.349998474121094,85.29250068664551,80.5075023651123,85.1500015258789,80.80000305175781,82.9000015258789,82.9500020345052,82.97500228881836,82.92500178019205
54.050048828125,2064.9775268554686,2005.5224731445312,2045,1990.949951171875,2035.25,2023.7333170572917,2017.9749755859375,2029.491658528646
27.45001220703125,431.5975067138672,401.4024932861328,431.6000061035156,404.1499938964844,416.5,417.4166666666667,417.875,416.95833333333337
25.449996948242188,285.8974922180176,257.90249557495116,274.3999938964844,248.9499969482422,271.8999938964844,265.0833282470703,261.6749954223633,268.49166107177734
38,1146.3000244140626,1104.5000244140624,1130,1092,1125.4000244140625,1115.8000081380208,1111,1120.6000162760415
50,2251.60009765625,2196.60009765625,2235,2185,2224.10009765625,2214.7000325520835,2210,2219.400065104167
9.949996948242188,153.87249221801758,142.92749557495117,155.4499969482422,145.5,148.39999389648438,149.78333028157553,150.4749984741211,149.09166208902997
60.7000732421875,1249.7350158691406,1182.9649353027344,1240.6500244140625,1179.949951171875,1216.3499755859375,1212.316650390625,1210.2999877929688,1214.3333129882812
120.0999755859375,1753.0549865722655,1620.9450134277345,1777,1656.9000244140625,1687,1706.9666748046875,1716.9500122070312,1696.9833374023438
28.45001220703125,1023.4474945068359,992.1524810791016,1009.75,981.2999877929688,1007.7999877929688,999.6166585286459,995.5249938964844,1003.7083231608074
36.75,1003.5624755859375,963.1374755859375,993.5,956.75,983.3499755859375,977.8666585286459,975.125,980.6083170572917
20.5,426.775,404.225,426.5,406,415.5,416,416.25,415.75
0.8000011444091797,28.94000062942505,28.05999937057495,28.950000762939453,28.149999618530273,28.5,28.53333346048991,28.550000190734863,28.516666730244957
165.75,2667.26259765625,2484.93759765625,2670,2504.25,2576.10009765625,2583.4500325520835,2587.125,2579.775065104167
255.89990234375,7209.945141601563,6928.455249023437,7189,6933.10009765625,7069.2001953125,7063.766764322917,7061.050048828125,7066.483479817709
260.900390625,7793.49521484375,7506.50478515625,7775.9501953125,7515.0498046875,7650,7647,7645.5,7648.5
125.650390625,5366.0076171875,5227.7921875,5331.9501953125,5206.2998046875,5296.89990234375,5278.38330078125,5269.125,5287.6416015625
10.300003051757812,129.7650001525879,118.4349967956543,128.5,118.19999694824219,124.0999984741211,123.5999984741211,123.3499984741211,123.8499984741211
16.300018310546875,278.5650161743164,260.63499603271487,276.6000061035156,260.29998779296875,269.6000061035156,268.8333333333333,268.4499969482422,269.21666971842444
20.95001220703125,366.0225067138672,342.9774932861328,362.95001220703125,342,354.5,353.15000406901044,352.4750061035156,353.82500203450525
78.349853515625,2244.092419433594,2157.907580566406,2228.64990234375,2150.300048828125,2201,2193.316650390625,2189.4749755859375,2197.1583251953125
35.4000244140625,553.6700256347656,514.7299987792969,537.9500122070312,502.54998779296875,534.2000122070312,524.9000040690104,520.25,529.5500081380208
7.150001525878906,113.9325008392334,106.0674991607666,113.6500015258789,106.5,110,110.0500005086263,110.07500076293945,110.02500025431314
14.900009155273438,234.795011138916,218.40500106811524,233.60000610351562,218.6999969482422,226.60000610351562,226.3000030517578,226.1500015258789,226.45000457763672
616.30078125,28384.7662109375,27706.8353515625,28567.900390625,27951.599609375,28045.80078125,28188.43359375,28259.75,28117.1171875
73,1779.5500244140626,1699.2500244140624,1755,1682,1739.4000244140625,1725.4666748046875,1718.5,1732.433349609375
79.5999755859375,1422.7799865722657,1335.2200134277343,1423.6500244140625,1344.050048828125,1379,1382.2333577473958,1383.8500366210938,1380.6166788736978
79.25,2073.5875,1986.4125,2039.949951171875,1960.699951171875,2030,2010.2166341145833,2000.324951171875,2020.1083170572915
24.25,513.8874877929687,487.2124877929688,502.3999938964844,478.1499938964844,500.54998779296875,493.6999918619792,490.2749938964844,497.124989827474
51.0999755859375,1613.4549621582032,1557.2449890136718,1608.0999755859375,1557,1585.3499755859375,1583.4833170572917,1582.5499877929688,1584.4166463216147
86.0999755859375,1774.9050354003907,1680.1950622558593,1739,1652.9000244140625,1727.550048828125,1706.4833577473958,1695.9500122070312,1717.0167032877603
61.79998779296875,769.9899932861329,702.0100067138671,736,674.2000122070312,736,715.4000040690104,705.1000061035156,725.7000020345051
39.70001220703125,698.4349822998047,654.7649688720703,689.7000122070312,650,676.5999755859375,672.0999959309896,669.8500061035156,674.3499857584636
4.0500030517578125,78.7275016784668,74.2724983215332,77.75,73.69999694824219,76.5,75.98333231608073,75.7249984741211,76.24166615804037
8.5,111.0750015258789,101.72500152587891,109.9000015258789,101.4000015258789,106.4000015258789,105.9000015258789,105.6500015258789,106.1500015258789
20.600006103515625,425.729997253418,403.06999053955076,423.45001220703125,402.8500061035156,414.3999938964844,413.56667073567706,413.15000915527344,413.9833323160807
9.349990844726562,128.8424919128418,118.55750198364258,128.89999389648438,119.55000305175781,123.69999694824219,124.0499979654948,124.2249984741211,123.8749974568685
14.699996948242188,247.48499221801757,231.31499557495118,247.9499969482422,233.25,239.39999389648438,240.1999969482422,240.5999984741211,239.79999542236328
9.79998779296875,270.3400054931641,259.5600189208984,268.6499938964844,258.8500061035156,264.95001220703125,264.15000406901044,263.75,264.55000813802087
25.04998779296875,787.7774932861328,760.2225067138672,794,768.9500122070312,774,778.9833374023438,781.4750061035156,776.4916687011719
33.699951171875,688.1849975585938,651.1150512695312,675.8499755859375,642.1500244140625,669.6500244140625,662.5500081380209,659,666.1000162760417
23.45001220703125,392.2475128173828,366.45249938964844,384.70001220703125,361.25,379.3500061035156,375.1000061035156,372.9750061035156,377.2250061035156
22.75,244.5125,219.4875,239.3000030517578,216.5500030517578,232,229.28333536783853,227.9250030517578,230.64166768391925
20.29998779296875,680.2649688720703,657.9349822998047,673,652.7000122070312,669.0999755859375,664.9333292643229,662.8500061035156,667.0166524251301
41.35003662109375,571.7425201416015,526.2574798583985,553.9500122070312,512.5999755859375,549,538.5166625976562,533.2749938964844,543.7583312988281
189.800048828125,3583.339978027344,3374.559924316406,3562,3372.199951171875,3478.949951171875,3471.0499674479165,3467.0999755859375,3474.9999593098955
83,2670.65,2579.35,2705,2622,2625,2650.6666666666665,2663.5,2637.833333333333
50.25,831.4874755859375,776.2124755859375,827.5499877929688,777.2999877929688,803.8499755859375,802.8999837239584,802.4249877929688,803.374979654948
12.25,295.7375,282.2625,292.95001220703125,280.70001220703125,289,287.5500081380208,286.82501220703125,288.2750040690104
20.75,290.0624938964844,267.23749389648435,289.3500061035156,268.6000061035156,278.6499938964844,278.8666687011719,278.9750061035156,278.7583312988281
122.949951171875,2222.0223754882813,2086.7774291992187,2273,2150.050048828125,2154.39990234375,2192.4833170572915,2211.5250244140625,2173.4416097005205
36,753.8,714.2,760,724,734,739.3333333333334,742,736.6666666666667
25.399993896484375,493.9699966430664,466.0300033569336,487,461.6000061035156,480,476.2000020345052,474.3000030517578,478.10000101725257
0.5999999046325684,7.829999947547913,7.170000052452087,7.5,6.900000095367432,7.5,7.300000031789144,7.200000047683716,7.400000015894571
3.649993896484375,142.60750274658204,138.5925094604492,140.89999389648438,137.25,140.60000610351562,139.58333333333334,139.0749969482422,140.0916697184245
43.8499755859375,1102.1174865722655,1053.8825134277345,1109.8499755859375,1066,1078,1084.6166585286458,1087.9249877929688,1081.3083292643228
14.3499755859375,581.0425109863281,565.2575378417969,582.25,567.9000244140625,573.1500244140625,574.433349609375,575.0750122070312,573.7916870117188
80.050048828125,1504.0275268554688,1415.9724731445312,1480.050048828125,1400,1460,1446.683349609375,1440.0250244140625,1453.3416748046875
108.39996337890625,694.6699676513672,575.4300079345703,652.3499755859375,543.9500122070312,635.0499877929688,610.4499918619791,598.1499938964844,622.7499898274739
343,8773.9498046875,8396.6498046875,8820,8477,8585.2998046875,8627.433268229166,8648.5,8606.366536458332
4.0500030517578125,44.6275032043457,40.17249984741211,44.650001525878906,40.599998474121094,42.400001525878906,42.550000508626304,42.625,42.47500101725261
22,622.5000244140625,598.3000244140625,615,593,610.4000244140625,606.1333414713541,604,608.2666829427083
70,838.25,761.25,805,735,799.75,779.9166666666666,770,789.8333333333333
550.900390625,15084.04501953125,14478.05458984375,15150.9501953125,14600.0498046875,14781.0498046875,14844.0166015625,14875.5,14812.533203125
36.95001220703125,735.1224945068359,694.4774810791016,733,696.0499877929688,714.7999877929688,714.6166585286459,714.5249938964844,714.7083231608074
11.850006103515625,182.1175094604492,169.08250274658204,180,168.14999389648438,175.60000610351562,174.58333333333334,174.0749969482422,175.0916697184245
93.0499267578125,1306.1774597167969,1203.8225402832031,1284.5999755859375,1191.550048828125,1255,1243.7166748046875,1238.0750122070312,1249.3583374023438
81.7998046875,3347.989892578125,3258.010107421875,3356.89990234375,3275.10009765625,3303,3311.6666666666665,3316,3307.333333333333
15.35003662109375,748.2425079345703,731.3574676513672,747.4500122070312,732.0999755859375,739.7999877929688,739.7833251953125,739.7749938964844,739.7916564941406
204.25,3756.3375,3531.6625,3789.25,3585,3644,3672.75,3687.125,3658.375
51.89990234375,1118.644921875,1061.555029296875,1137.449951171875,1085.550048828125,1090.0999755859375,1104.3666585286458,1111.5,1097.2333170572915
10.600006103515625,161.72999725341796,150.0699905395508,162,151.39999389648438,155.89999389648438,156.4333292643229,156.6999969482422,156.16666158040363
17.79998779296875,348.08998107910156,328.50999450683594,346.8999938964844,329.1000061035156,338.29998779296875,338.09999593098956,338,338.19999186197913
7.6999969482421875,126.2349983215332,117.7650016784668,124.69999694824219,117,122,121.23333231608073,120.8499984741211,121.61666615804037
59.5999755859375,1127.7799865722657,1062.2200134277343,1109.9000244140625,1050.300048828125,1095,1085.0666910807292,1080.1000366210938,1090.0333455403647
58.400146484375,3557.220178222656,3492.980017089844,3559.60009765625,3501.199951171875,3525.10009765625,3528.6333821614585,3530.4000244140625,3526.8667399088545
36.4000244140625,1090.0200134277343,1049.9799865722657,1091.5,1055.0999755859375,1070,1072.1999918619792,1073.2999877929688,1071.0999959309897
9.75,179.8625,169.1375,176.5,166.75,174.5,172.58333333333334,171.625,173.54166666666669
45.5,1051.775,1001.725,1044,998.5,1026.75,1023.0833333333334,1021.25,1024.9166666666667
71.6500244140625,1449.4075134277343,1370.5924865722657,1443,1371.3499755859375,1410,1408.1166585286458,1407.1749877929688,1409.0583292643228
63,1322.450048828125,1253.150048828125,1334,1271,1287.800048828125,1297.6000162760417,1302.5,1292.7000325520835
57.6500244140625,1415.2575622558593,1351.8425354003907,1397.4000244140625,1339.75,1383.550048828125,1373.5666910807292,1368.5750122070312,1378.5583699544272
38.0999755859375,1732.2550354003906,1690.3450622558594,1724.0999755859375,1686,1711.300048828125,1707.1333414713542,1705.0499877929688,1709.2166951497397
94.35009765625,2950.2426513671876,2846.4575439453124,2956.35009765625,2862,2898.35009765625,2905.5667317708335,2909.175048828125,2901.958414713542
23.5,468.27500610351564,442.4250061035156,463,439.5,455.3500061035156,452.6166687011719,451.25,453.98333740234375
24.70001220703125,862.7850189208984,835.6150054931641,864.9000244140625,840.2000122070312,849.2000122070312,851.433349609375,852.5500183105469,850.3166809082031
0.9499998092651367,17.072499132156373,16.02749934196472,16.899999618530273,15.949999809265137,16.549999237060547,16.466666221618652,16.424999713897705,16.5083327293396
8.699996948242188,117.93499984741212,108.3650032043457,116.5,107.80000305175781,113.1500015258789,112.48333485921223,112.1500015258789,112.81666819254556
124.3499755859375,1260.4425354003906,1123.6575622558594,1305,1180.6500244140625,1192.050048828125,1225.9000244140625,1242.8250122070312,1208.9750366210938
0.9000005722045898,14.144999933242797,13.15499930381775,14.100000381469727,13.199999809265137,13.649999618530273,13.649999936421713,13.650000095367432,13.649999777475994
25.600006103515625,479.12999114990237,450.96998443603513,475.6000061035156,450,465.04998779296875,463.5499979654948,462.8000030517578,464.2999928792318
47.89996337890625,835.8949676513672,783.2050079345703,838.8499755859375,790.9500122070312,809.5499877929688,813.1166585286459,814.8999938964844,811.3333231608074
29.60003662109375,793.2800201416015,760.7199798583985,791.9500122070312,762.3499755859375,777,777.0999959309896,777.1499938964844,777.0499979654949
8.849990844726562,215.61749496459962,205.88250503540038,214.89999389648438,206.0500030517578,210.75,210.56666564941406,210.4749984741211,210.65833282470703
1.9500007629394531,31.872499656677245,29.72749881744385,32.150001525878906,30.200000762939453,30.799999237060547,31.0500005086263,31.17500114440918,30.924999872843422
144.60009765625,6766.380151367188,6607.320043945312,6727.9501953125,6583.35009765625,6686.85009765625,6666.050130208333,6655.650146484375,6676.450113932291
2.6000022888183594,39.580002784729004,36.72000026702881,38.70000076293945,36.099998474121094,38.150001525878906,37.65000025431315,37.39999961853027,37.900000890096024
72.0499267578125,1406.4774353027344,1327.2225158691406,1409.0999755859375,1337.050048828125,1366.8499755859375,1371,1373.0750122070312,1368.9249877929688
35.45001220703125,691.8975311279297,652.9025177001953,678.75,643.2999877929688,672.4000244140625,664.8166707356771,661.0249938964844,668.6083475748699
14.900009155273438,272.74499282836916,256.35498275756834,266.3500061035156,251.4499969482422,264.54998779296875,260.7833302815755,258.9000015258789,262.6666590372721
54.89990234375,2830.2449951171875,2769.8551025390625,2826,2771.10009765625,2800.050048828125,2799.050048828125,2798.550048828125,2799.550048828125
22.5,404.4750061035156,379.7250061035156,405,382.5,392.1000061035156,393.2000020345052,393.75,392.6500040690104
145.050048828125,3571.4274291992188,3411.8723754882812,3565,3419.949951171875,3491.64990234375,3492.199951171875,3492.4749755859375,3491.9249267578125
32.04998779296875,817.1774810791015,781.922494506836,814,781.9500122070312,799.5499877929688,798.5,797.9750061035156,799.0249938964844
3.5500030517578125,49.8525032043457,45.94749984741211,48.650001525878906,45.099998474121094,47.900001525878906,47.21666717529297,46.875,47.55833435058594
56.949951171875,1539.2224975585937,1476.5775512695313,1551.8499755859375,1494.9000244140625,1507.9000244140625,1518.2166748046875,1523.375,1513.058349609375
87,1413.7500244140624,1318.0500244140626,1435,1348,1365.9000244140625,1382.9666748046875,1391.5,1374.433349609375
10,379.6499938964844,368.6499938964844,378,368,374.1499938964844,373.3833312988281,373,373.76666259765625
16.95001220703125,802.3225067138671,783.6774932861329,800,783.0499877929688,793,792.0166625976562,791.5249938964844,792.5083312988281
16.5,261.0249969482422,242.8749969482422,259,242.5,251.9499969482422,251.1499989827474,250.75,251.5499979654948
127.39990234375,2725.0699462890625,2584.9300537109375,2728,2600.60009765625,2655,2661.2000325520835,2664.300048828125,2658.100016276042
71.550048828125,1788.3024780273438,1709.5974243164062,1780.050048828125,1708.5,1748.949951171875,1745.8333333333333,1744.2750244140625,1747.391642252604
1.4499998092651367,11.197499513626099,9.602499723434448,10.5,9.050000190734863,10.399999618530273,9.983333269755045,9.775000095367432,10.191666444142658
37.449951171875,1047.8474731445312,1006.6525268554688,1039.949951171875,1002.5,1027.25,1023.2333170572916,1021.2249755859375,1025.2416585286458
281.89990234375,7122.594750976563,6812.504858398437,7194,6912.10009765625,6967.5498046875,7024.549967447917,7053.050048828125,6996.049886067709
7.0500030517578125,148.37750167846679,140.62249832153321,149.25,142.1999969482422,144.5,145.31666564941406,145.7249984741211,144.90833282470703
4.75,95.7625015258789,90.53750152587891,94.0999984741211,89.3499984741211,93.1500015258789,92.1999994913737,91.7249984741211,92.67500050862631
34.70001220703125,519.1349945068359,480.96498107910156,508.75,474.04998779296875,500.04998779296875,494.2833251953125,491.3999938964844,497.1666564941406
98.949951171875,2253.522570800781,2144.677624511719,2275.39990234375,2176.449951171875,2199.10009765625,2216.9833170572915,2225.9249267578125,2208.0417073567705
15.79998779296875,560.9399932861328,543.5600067138672,561.9500122070312,546.1500244140625,552.25,553.4500122070312,554.0500183105469,552.8500061035156
36.54998779296875,611.4024810791016,571.1974945068359,617.9500122070312,581.4000244140625,591.2999877929688,596.8833414713541,599.6750183105469,594.0916646321614
0.4499998092651367,14.097500276565551,13.602500486373902,13.899999618530273,13.449999809265137,13.850000381469727,13.733333269755045,13.674999713897705,13.791666825612385
13.550003051757812,229.05250778198243,214.14750442504882,226.3000030517578,212.75,221.60000610351562,220.21666971842447,219.5250015258789,220.90833791097003
19.899993896484375,306.54500274658204,284.6550094604492,304,284.1000061035156,295.6000061035156,294.56667073567706,294.0500030517578,295.0833384195963
133.199951171875,2157.759973144531,2011.2400268554688,2118.5,1985.300048828125,2084.5,2062.7666829427085,2051.9000244140625,2073.6333414713545
90.6500244140625,1817.5075378417969,1717.7925109863281,1767.6500244140625,1677,1767.6500244140625,1737.433349609375,1722.3250122070312,1752.5416870117188
